"","Nome_Utente","ID_UTENTE"
"1","cairdin","1"
"2","jnardino","2"
"3","yvonnalynn","3"
"4","cjmcginnis","4"
"5","pilot","5"
"6","dhepburn","6"
"7","YupitsTate","7"
"8","idk_but_youtube","8"
"9","HyperCamiLax","9"
"10","mollanderson","10"
"11","sjespers","11"
"12","smartwatermelon","12"
"13","ItzBrianHunty","13"
"14","heatherovieda","14"
"15","thebrandiray","15"
"16","JNLpierce","16"
"17","MISSGJ","17"
"18","DT_Les","18"
"19","ElvinaBeck","19"
"20","rjlynch21086","20"
"21","ayeevickiee","21"
"22","Leora13","22"
"23","meredithjlynn","23"
"24","AdamSinger","24"
"25","blackjackpro911","25"
"26","TenantsUpstairs","26"
"27","jordanpichler","27"
"28","JCervantezzz","28"
"29","Cuschoolie1","29"
"30","amanduhmccarty","30"
"31","NorthTxHomeTeam","31"
"32","miaerolinea","32"
"33","Nicsplace","33"
"34","elisha_malulani","34"
"35","DannyDouglass","35"
"36","jamesferrandini","36"
"37","will_lenzenjr","37"
"38","GottAmanda","38"
"39","KGervaise","39"
"40","papamurat","40"
"41","arieldaie","41"
"42","vacations7","42"
"43","ChelseaPoe666","43"
"44","BobGlavinVO","44"
"45","lisaaiko","45"
"46","grantbrowne","46"
"47","joyabsalon","47"
"48","2v","48"
"49","KSmithFoundHere","49"
"50","murphicus","50"
"51","VinnieFerra","51"
"52","KevinDemsi","52"
"53","giffgaffman","53"
"54","HanlonBrothers","54"
"55","emilybg78","55"
"56","rachie1126","56"
"57","adawson66","57"
"58","SocialPLC","58"
"59","jeffreymace01","59"
"60","1stcrown","60"
"61","onerockgypsy","61"
"62","noelduan","62"
"63","Travelzoo","63"
"64","gianagon","64"
"65","bxchen","65"
"66","seimatrun","66"
"67","jamied7","67"
"68","mrmichaellay","68"
"69","TaylorLumsden","69"
"70","campusmoviefest","70"
"71","meme_meng","71"
"72","kyle_romanoff","72"
"73","GunsNDip","73"
"74","artisticwritr87","74"
"75","jsatk","75"
"76","serenaklal","76"
"77","openambit1","77"
"78","cabowine","78"
"79","MaryAnnTaylorT","79"
"80","RamotControl","80"
"81","losermelon","81"
"82","AlisonK33774854","82"
"83","yazdanagh","83"
"84","MerchEngines","84"
"85","ColorCartel","85"
"86","MustBeSpoken","86"
"87","mattbunk","87"
"88","louisjenny","88"
"89","STravelsW","89"
"90","joeyrenagade","90"
"91","TheDuchessSF","91"
"92","BeLeather","92"
"93","drcaseydrake","93"
"94","flyfromWAS","94"
"95","flyfromSEA","95"
"96","flyfromNYC","96"
"97","flyfromLAX","97"
"98","Silvanabfer","98"
"99","AdamJdubs","99"
"100","nicholas_v","100"
"101","tstashajones","101"
"102","SkateMamas","102"
"103","dngoo","103"
"104","SamBrittenham","104"
"105","usagibrian","105"
"106","KindofLuke","106"
"107","ptbrodie","107"
"108","cheryleng","108"
"109","HishamSharaby","109"
"110","ChrisFordisHere","110"
"111","JKF1897","111"
"112","F6x","112"
"113","lawyang588","113"
"114","melokudo","114"
"115","ChrysiChrysic","115"
"116","nikkisixxfan93","116"
"117","MOCBlogger","117"
"118","tfaz","118"
"119","lisaptv","119"
"120","dropapp","120"
"121","HollywoodHotMom","121"
"122","GoShar2012","122"
"123","FiDiFamilies","123"
"124","jarrydosborne","124"
"125","mlorenzen","125"
"126","Tyler_Starrine","126"
"127","jessicajaymes","127"
"128","livingfitly","128"
"129","khartline","129"
"130","MACRoxburgh","130"
"131","paulnakada","131"
"132","wildcatdad","132"
"133","RheaThurman1","133"
"134","Osiris91780","134"
"135","HeatherWhoo","135"
"136","RampantSmashing","136"
"137","intlwriter","137"
"138","finslippy","138"
"139","Gr8Fratsby","139"
"140","sbaaronson","140"
"141","jonesbasf","141"
"142","NewsSWA","142"
"143","CSHangover","143"
"144","girlphotophilly","144"
"145","Graemelodge5545","145"
"146","Boards707","146"
"147","MikeWiener","147"
"148","simpasmore","148"
"149","TTINAC11","149"
"150","elaurawrr","150"
"151","meladorri","151"
"152","archiegips","152"
"153","obiwantoby","153"
"154","MarwaYousofzoy","154"
"155","TheNotoriousLEX","155"
"156","advertisingdiva","156"
"157","Floxie10","157"
"158","alexrkonrad","158"
"159","lexiesalas","159"
"160","MaximWheatley","160"
"161","Artenis15","161"
"162","NancyJFriedman","162"
"163","JT_Magana","163"
"164","carabubes","164"
"165","wmrrock","165"
"166","DailyBillboard","166"
"167","BigRichTexasPam","167"
"168","rtw4","168"
"169","casualdiego","169"
"170","aaronkurlander","170"
"171","MistakeCakeJake","171"
"172","NoelArtiles","172"
"173","floatingatoll","173"
"174","borknagar","174"
"175","propsonline","175"
"176","carlos89178","176"
"177","shounshounette","177"
"178","alanzeino","178"
"179","DonnellyPatrick","179"
"180","stefanpinto","180"
"181","josephschwegler","181"
"182","jennifer_caron","182"
"183","ninjasistah","183"
"184","daniellewolff","184"
"185","EleonoraKaras","185"
"186","carlosondrums","186"
"187","stephenasilverm","187"
"188","mrl6626","188"
"189","SunRighteous","189"
"190","readerriter","190"
"191","jeredscott","191"
"192","eric_t_lee","192"
"193","bluesmoon","193"
"194","RedSoxGirl1976","194"
"195","InuAtah","195"
"196","Recessionista","196"
"197","moosekazmi","197"
"198","_LisaCap","198"
"199","eatgregeat","199"
"200","courtDMC","200"
"201","woawABQ","201"
"202","Cydney_Chase","202"
"203","AirlineFuel","203"
"204","OriginalTuna","204"
"205","ImThankfulRadio","205"
"206","AnnaProsser","206"
"207","HenryLucero","207"
"208","daisy1016","208"
"209","TGSOFL","209"
"210","stephanieslome","210"
"211","Alex_Ricardo","211"
"212","djchuang","212"
"213","miekd","213"
"214","insideout","214"
"215","fromtheleftseat","215"
"216","AlyssaJenS","216"
"217","Kevin_E_Park","217"
"218","FlexinFinessinB","218"
"219","drsaadiaim","219"
"220","MaverickGamersX","220"
"221","MsReeseGirl","221"
"222","CanPOREOTICS","222"
"223","LizaUtter","223"
"224","crj_lll","224"
"225","snellbell","225"
"226","AcronymBex","226"
"227","SleeplessByte","227"
"228","notthatnathan","228"
"229","Sleubeau","229"
"230","Yorkshire_D","230"
"231","SaraBabs","231"
"232","polaroidmisha","232"
"233","NazarFakih","233"
"234","JetBlueNews","234"
"235","RobynMatza","235"
"236","SocialMedia305","236"
"237","StevenMYoung","237"
"238","thecompostcook","238"
"239","chrisaguiar88","239"
"240","matthewhirsch","240"
"241","GabriellaDago","241"
"242","MarcPerez","242"
"243","JayRockerz","243"
"244","mlbkid162","244"
"245","Hwoodboy24","245"
"246","perMicah","246"
"247","iamnayr","247"
"248","gemmabow19","248"
"249","BFPTravel","249"
"250","davidhfe","250"
"251","chet","251"
"252","TMAnderson10","252"
"253","SSal","253"
"254","SoleXclusive415","254"
"255","j_payton","255"
"256","AQR415","256"
"257","SuuperG","257"
"258","imacsweb","258"
"259","El_Nel_81","259"
"260","zoelle","260"
"261","FreyaBevan_Fund","261"
"262","traveldg","262"
"263","adavidson26","263"
"264","SigmaRue","264"
"265","MNDNCH","265"
"266","AArt763","266"
"267","conorjrogers","267"
"268","bonniecamp","268"
"269","GaySkiWeek","269"
"270","graveyardtravel","270"
"271","taygarrett","271"
"272","jamonholmgren","272"
"273","BlackFlagShoppe","273"
"274","c_crubin","274"
"275","richeyvicious","275"
"276","LondonBrushCo","276"
"277","sapnasparikh","277"
"278","alexster4324","278"
"279","beasharif","279"
"280","MajorPaayne","280"
"281","giannilee","281"
"282","Rgulojr","282"
"283","_kristenicole_","283"
"284","CuteMonsterDad","284"
"285","chase_f","285"
"286","danteusa1","286"
"287","mightymeesh","287"
"288","Matthewbenz","288"
"289","0504Traveller","289"
"290","KarinSLee","290"
"291","EricLMitchell","291"
"292","fattbelly","292"
"293","itsGREEKSAUSAGE","293"
"294","kzone7","294"
"295","heatherbeckel","295"
"296","TLoui143","296"
"297","marshman240","297"
"298","hungarianhc","298"
"299","MarcSM","299"
"300","quackling","300"
"301","tedreednc","301"
"302","stevengcpa","302"
"303","DOHA_Insight","303"
"304","LibyaBizInfo","304"
"305","AlgeriaTweets","305"
"306","_raulll","306"
"307","mikeb51431","307"
"308","gbone34","308"
"309","GeorgettePierre","309"
"310","edzme","310"
"311","Joaquin68443","311"
"312","contimike","312"
"313","nschneble","313"
"314","eganist","314"
"315","pointsguy","315"
"316","timlopez","316"
"317","mirandahaustin","317"
"318","franks105","318"
"319","iamDavidAustin","319"
"320","mekirkpatrick","320"
"321","jpf4986","321"
"322","Pace6445","322"
"323","HuntTreadwell","323"
"324","jsamaudio","324"
"325","matthew","325"
"326","mrpresident1776","326"
"327","elimae724","327"
"328","ctpsts","328"
"329","jhen_d","329"
"330","AUStinAirport","330"
"331","reaganroy","331"
"332","onewil","332"
"333","PlantFoodDude","333"
"334","jtwiegele","334"
"335","sporch62","335"
"336","chrisdpatton","336"
"337","stopasyougo","337"
"338","AlMehairiAUH","338"
"339","AwsmSpaceMonkey","339"
"340","iamWalkerR","340"
"341","MarcoFlavioM","341"
"342","dreamerintexas","342"
"343","WilsonJoshuaLee","343"
"344","sanjosedr","344"
"345","dsg0110","345"
"346","lakebrahlands","346"
"347","opteyemisg","347"
"348","steve97070","348"
"349","letherebeflight","349"
"350","NickyB617","350"
"351","total_janarchy","351"
"352","helenalor","352"
"353","HaraLillier","353"
"354","helenhoppock","354"
"355","KallysAlbertSr","355"
"356","Price714","356"
"357","mctrees02","357"
"358","lindsowesto","358"
"359","TheAdamRizz","359"
"360","josiebarosie","360"
"361","killawattannie","361"
"362","JAYXXX1","362"
"363","myvortex","363"
"364","mynejas","364"
"365","SimplyImplicit","365"
"366","wtcgroup","366"
"367","tookthecollar","367"
"368","ICEportal","368"
"369","EnonThaPhenom","369"
"370","mattejacob","370"
"371","TheDCD","371"
"372","Hakenson_LIOX","372"
"373","funky_bbq","373"
"374","HereticPharaoh","374"
"375","judy_202","375"
"376","reekyrocks","376"
"377","BrandonS002","377"
"378","RyScanlon","378"
"379","itsjulianking","379"
"380","cayocrazy","380"
"381","paulhting","381"
"382","kellitweets","382"
"383","the22207","383"
"384","Perceptions","384"
"385","tan_talize","385"
"386","jonovoss","386"
"387","texasjuls","387"
"388","loungesong","388"
"389","ryan_kravontka","389"
"390","WWJAYD","390"
"391","waytogopdx","391"
"392","Todd1HHD","392"
"393","BBahreman","393"
"394","PlayjtLV","394"
"395","rdowning76","395"
"396","CoreyAStewart","396"
"397","CoralReefer420","397"
"398","lsalazarll","398"
"399","rombaa","399"
"400","samidip","400"
"401","karenmcgregor86","401"
"402","andycheco","402"
"403","hmansfield","403"
"404","slandail","404"
"405","nydia376","405"
"406","BK_TheBri","406"
"407","LarkAfterDark","407"
"408","Ashley_Jeffris","408"
"409","CheerTymeDad","409"
"410","Nikki62878","410"
"411","JordanTapiia","411"
"412","rissels","412"
"413","WorstThingsBot","413"
"414","Anntasia","414"
"415","nate2482","415"
"416","akobilarov","416"
"417","andreaSanger","417"
"418","Guggero","418"
"419","runwithmiles","419"
"420","BocheBillions","420"
"421","CoachJoette","421"
"422","lotusfitness","422"
"423","megfalcone","423"
"424","OohLaLa09","424"
"425","cehertz","425"
"426","fitztango","426"
"427","F_U_ng","427"
"428","mattwbaker","428"
"429","collegepathSS","429"
"430","kevintgarner","430"
"431","discobiscuit63","431"
"432","kevinfla3","432"
"433","sundialtours","433"
"434","SEGrower","434"
"435","cristobalwong","435"
"436","logainne","436"
"437","LukeGzus","437"
"438","chrsmichaels","438"
"439","Joestudent11","439"
"440","johnkarpf","440"
"441","Micaela4Mizzou","441"
"442","Peter_Abrahamse","442"
"443","fuchsialipstick","443"
"444","getmeontop","444"
"445","jkentakula","445"
"446","jasonpblakey","446"
"447","BillBra95467934","447"
"448","JoshuaIsWrong","448"
"449","debweinz","449"
"450","mbelliss","450"
"451","throthra","451"
"452","jakepoznak","452"
"453","AldenGlobe","453"
"454","Mateyush","454"
"455","ShawnaNewman","455"
"456","Sri_Philips","456"
"457","CATTTastrophe","457"
"458","CassiusCCIDog","458"
"459","guichaves1989","459"
"460","PFlandersdc","460"
"461","RaquelSnyderDC","461"
"462","alex_nieves","462"
"463","MyCustoAdvocate","463"
"464","JohnJReid","464"
"465","screamingbrat","465"
"466","Maxxisonfire","466"
"467","kelseyblack92","467"
"468","Twist_OP","468"
"469","jammyrascals","469"
"470","AmericanNarad","470"
"471","fatwmnonthemtn","471"
"472","tuckerI84","472"
"473","christinphillip","473"
"474","ChrisNielsen2","474"
"475","campilley","475"
"476","Hannahsfight1","476"
"477","brimalxx","477"
"478","Evan_Flay","478"
"479","8629Fissile","479"
"480","growingpangs","480"
"481","TaylorGravett","481"
"482","mortgagesbycoop","482"
"483","dlm_3","483"
"484","Cecilia_stories","484"
"485","etiyi","485"
"486","missinver","486"
"487","_mhertz","487"
"488","AurelAssan","488"
"489","ajpape","489"
"490","WhatSarahSayzz","490"
"491","kathryn217628","491"
"492","BouleChitte","492"
"493","xRaeCatherine","493"
"494","Kalbozey","494"
"495","bcarlsrud","495"
"496","dkesten71","496"
"497","MeganHolstein","497"
"498","brooklyn_dodger","498"
"499","T2News","499"
"500","BrittanyWolgast","500"
"501","Gouwerijn","501"
"502","GSG_President","502"
"503","RichHays","503"
"504","Spanner2","504"
"505","msalvatore15","505"
"506","inspirevery","506"
"507","sothenbethsaid","507"
"508","michaelsalinger","508"
"509","SaipanBrad","509"
"510","JesseLitsch","510"
"511","shortfatnhappy","511"
"512","PhilFromChico","512"
"513","Finrz","513"
"514","FreedomFilmNJ","514"
"515","DJPartyMarty","515"
"516","The5y5Adm1n","516"
"517","urno12","517"
"518","vancouverbrit","518"
"519","lindaSWC","519"
"520","raulcordenillo","520"
"521","FIETA_DOC","521"
"522","CellucorJulio","522"
"523","tiffy_mac","523"
"524","vaficionado","524"
"525","747_TJ","525"
"526","kbleggett","526"
"527","Emily_VII","527"
"528","fairplay500","528"
"529","The_Playmaker20","529"
"530","kevinforgoogle","530"
"531","MelanieSpring","531"
"532","Meyer47","532"
"533","dafg42","533"
"534","DavidRogerswork","534"
"535","mbarnas","535"
"536","real_steve_ward","536"
"537","RissaWissa","537"
"538","Darquenloveli","538"
"539","paula1231970","539"
"540","alikat9220","540"
"541","fortytoo","541"
"542","macefaceeeee","542"
"543","DaniOnTheFritz","543"
"544","drewziIIa","544"
"545","petergau","545"
"546","tomcrabtree","546"
"547","ColtonWoytas","547"
"548","KeenanPam","548"
"549","rholbrook","549"
"550","CaseyWoodTV","550"
"551","zach_wardroup","551"
"552","Tdrag97","552"
"553","Siv","553"
"554","luke_mcintosh68","554"
"555","wordstern","555"
"556","CharlieGMoney","556"
"557","sacsmitty","557"
"558","oduric","558"
"559","BinyGlancz","559"
"560","danmedwards","560"
"561","Kelley_Myers","561"
"562","gregriv","562"
"563","Greg_Mueller","563"
"564","RyanMagovs","564"
"565","handsomanderson","565"
"566","PreyingMantis02","566"
"567","theBRYZness","567"
"568","hellojennizzle","568"
"569","cyberhosed","569"
"570","whs1973","570"
"571","family6travels","571"
"572","ChrisMD123","572"
"573","davidchernin","573"
"574","AndyA3","574"
"575","kevinaom","575"
"576","kimberlytwaters","576"
"577","JeffPKirkland","577"
"578","BethStuever","578"
"579","AlexanderKrach","579"
"580","thetonyblank","580"
"581","stopz","581"
"582","gguilber","582"
"583","Zgrinch","583"
"584","MommyPR","584"
"585","jlgustafson1","585"
"586","theKos","586"
"587","jasonjernigan","587"
"588","thelaurenmoore","588"
"589","TravelShopVT","589"
"590","j0rdanj0nes","590"
"591","momsgoodeats","591"
"592","DeputyBrans","592"
"593","mllovelace","593"
"594","Ted_Bray","594"
"595","DickAltavista","595"
"596","Clking_sf","596"
"597","Bozboyku1","597"
"598","brando_787","598"
"599","NonYourBusines9","599"
"600","whitterbug","600"
"601","ginanotjenna","601"
"602","dannydibiase1","602"
"603","frqnttraveler","603"
"604","goodenufmother","604"
"605","tpensari","605"
"606","startupstella","606"
"607","nbhdsheila","607"
"608","Apollochplayers","608"
"609","hefeman","609"
"610","bartha75","610"
"611","jalvich","611"
"612","lovejodierose","612"
"613","RockinMikeW","613"
"614","MirandaAtx","614"
"615","tclarktweets","615"
"616","CengageTeamUP","616"
"617","SmartBlondeSolu","617"
"618","koploperfan1992","618"
"619","MikeShor","619"
"620","kabell87","620"
"621","JawnRedcorn","621"
"622","mattscottcrum","622"
"623","ganteisan","623"
"624","ryanaround","624"
"625","aliasboogie","625"
"626","AaronGirson","626"
"627","rodneyondrums","627"
"628","zaudrey","628"
"629","_Emilky_","629"
"630","hangsf","630"
"631","mjc_collins","631"
"632","TuraOntheroad","632"
"633","MisterDJW","633"
"634","peoplesavvy","634"
"635","jbuhl35","635"
"636","ishowman","636"
"637","rhyminanstealin","637"
"638","colbycaterina","638"
"639","eadonjacobs","639"
"640","cameronsmith17","640"
"641","mironovich","641"
"642","KelliZink","642"
"643","Portal_Aviacion","643"
"644","kachampney","644"
"645","dfpietra","645"
"646","RoatanGallery","646"
"647","Margo_Rae","647"
"648","ousoonerfanatic","648"
"649","Mr_RHolmes","649"
"650","artistanxiety","650"
"651","franciscogonima","651"
"652","SamuelSitt","652"
"653","CoffeeCult448","653"
"654","pjmartin44","654"
"655","laarsNL","655"
"656","twohlix","656"
"657","jcbtdd","657"
"658","teamcrafty","658"
"659","tbird12lv","659"
"660","itsmetsforme","660"
"661","swampynomo","661"
"662","herma48852","662"
"663","scott_fitzy","663"
"664","simonroesner","664"
"665","Jim_Rehbein","665"
"666","DavidAlfieWard","666"
"667","TheJessicaKill","667"
"668","hooton","668"
"669","KeamBleam","669"
"670","TRUU_Tall","670"
"671","fredcarlton","671"
"672","lisaboban","672"
"673","politicsci","673"
"674","segallsays","674"
"675","GeorgeMcflyOG","675"
"676","CigarNate","676"
"677","ericsimmerman","677"
"678","medictom","678"
"679","GalbraithPeter","679"
"680","berr_a","680"
"681","xThePro","681"
"682","bdhowald","682"
"683","Nupe588","683"
"684","davedittrich","684"
"685","jhclutter","685"
"686","nyc2theworld","686"
"687","Lisa_Shaw777","687"
"688","FlyEIA","688"
"689","HeyAileen","689"
"690","nfranco","690"
"691","juangarcia202","691"
"692","underceg","692"
"693","godvertiser","693"
"694","KateRChrisman","694"
"695","DianeReischling","695"
"696","CarrieMantha","696"
"697","spumilia","697"
"698","JessicaLevin","698"
"699","RonGaudelli","699"
"700","mfcompany","700"
"701","judell","701"
"702","nikitee94","702"
"703","ClarkeTheSpark","703"
"704","sgad1983","704"
"705","katiedonohue","705"
"706","kennykhlee","706"
"707","ejohnson329","707"
"708","roxymtjoy","708"
"709","Austin_Grisham","709"
"710","docmartin_10","710"
"711","CowboyPharmD","711"
"712","franknoc","712"
"713","aminghadersohi","713"
"714","ADanaiBaker","714"
"715","daesf","715"
"716","peskyspoll","716"
"717","CaroDavis2012","717"
"718","BeyondBlunt","718"
"719","tmarsh83","719"
"720","jwints","720"
"721","hart0277","721"
"722","sarahali","722"
"723","EnriqueGtz_","723"
"724","aleciamastin","724"
"725","pamdelaney585","725"
"726","gwen1013","726"
"727","mydulcebella","727"
"728","darrellwhitelaw","728"
"729","VictoriaBCToday","729"
"730","2cJustice4all","730"
"731","jcmpaz","731"
"732","brianaverna","732"
"733","mechv1963","733"
"734","iworkinsmm","734"
"735","krissy_missylg","735"
"736","JMS2802","736"
"737","chefpaulcia","737"
"738","BossDDS","738"
"739","fdashev","739"
"740","GuruOfGanja","740"
"741","patlee","741"
"742","mfsanders","742"
"743","therealdavidsoo","743"
"744","sbanoub","744"
"745","anthonyNYSSF","745"
"746","ljtypes","746"
"747","PhilipRose","747"
"748","MrEschatologist","748"
"749","unvoiced","749"
"750","d_goodspeed","750"
"751","DanaHFreeman","751"
"752","D_WaYnE_01","752"
"753","JuanseMolano","753"
"754","bravesandbeer","754"
"755","ChelseaRhane","755"
"756","Natemaniac12","756"
"757","kristen_e_short","757"
"758","bgroberto3246","758"
"759","Lincoln_Arms","759"
"760","LukeXuanLiu","760"
"761","jakebellz","761"
"762","JoeSchueller","762"
"763","danazezzo","763"
"764","kermudgeon","764"
"765","twitarse","765"
"766","tinsleyjim","766"
"767","bsaitz","767"
"768","ahpandya747","768"
"769","thepointskid","769"
"770","cfacekillah","770"
"771","cslhilo","771"
"772","generationKYLIE","772"
"773","jnostrant","773"
"774","HargobindV","774"
"775","micheleliston","775"
"776","JohntheKiwi","776"
"777","Kris_KAS","777"
"778","apharkins","778"
"779","e_russell","779"
"780","ScottHRoth","780"
"781","jacob_bach","781"
"782","melonbee","782"
"783","ErinHughey","783"
"784","jasoncarpio","784"
"785","sentientcheese","785"
"786","debragordon2012","786"
"787","adamdpeterson","787"
"788","HeidiJern","788"
"789","Ed_Cabello","789"
"790","jgedzelman","790"
"791","_MikeDWarren_","791"
"792","RChew_FORR","792"
"793","ScottBerry18","793"
"794","msu2050","794"
"795","nikodunham","795"
"796","LindaHotelgal","796"
"797","ProudDevilAlum","797"
"798","crsmoore","798"
"799","keithpresser","799"
"800","unibrowd","800"
"801","JackKelleher920","801"
"802","nicoleleigh85","802"
"803","chaddock38","803"
"804","Nic_Thoman23","804"
"805","TDaulongPerfMgt","805"
"806","scottychadwick","806"
"807","krichards0488","807"
"808","craigsmail","808"
"809","jimbuckley13","809"
"810","SAlhir","810"
"811","TheHos","811"
"812","xtin_t","812"
"813","crog","813"
"814","brendanrd","814"
"815","alysabaker","815"
"816","paulweldele","816"
"817","totocol","817"
"818","DABranco1","818"
"819","ShowExpert","819"
"820","NicoleIn140","820"
"821","dealswelike","821"
"822","idguy","822"
"823","SwtSarandipity","823"
"824","jeanvirgile","824"
"825","tonywhelan","825"
"826","gtifreak04","826"
"827","liveitup09","827"
"828","RioLongacre","828"
"829","ClareSPhoto","829"
"830","steven10093","830"
"831","ohlesliebarker","831"
"832","notsingirl","832"
"833","bmalones44","833"
"834","RaffaellaDom","834"
"835","TravlnKB","835"
"836","youfancygirl","836"
"837","PatrickGrubbe","837"
"838","thepriceisright","838"
"839","domdelfino","839"
"840","MarcusLake31","840"
"841","JoeRychalsky","841"
"842","priyadarshy","842"
"843","Kwilusz1","843"
"844","Steinberg1","844"
"845","Bridget__Walsh","845"
"846","CWWMUK","846"
"847","jnml","847"
"848","Rapetti","848"
"849","Veronique956","849"
"850","doug_samuel","850"
"851","cote_kcote94","851"
"852","TimBouhour","852"
"853","Indy2Bangkok","853"
"854","BrendanPFarrell","854"
"855","eryder","855"
"856","wsachs","856"
"857","KennedyJonesTHO","857"
"858","__XT","858"
"859","manuel261984","859"
"860","DelonGerry","860"
"861","pdxmucci","861"
"862","huskerjon00","862"
"863","FrederickMassag","863"
"864","lclohmd","864"
"865","JasonArbaugh","865"
"866","czamkoff","866"
"867","ScottRSlaughter","867"
"868","hilary33836700","868"
"869","PopsCutrona","869"
"870","JacquieMae08","870"
"871","chocolossus","871"
"872","abroad_aus","872"
"873","BrentOya","873"
"874","greghm88","874"
"875","DudeOfTheHouse","875"
"876","meeems22","876"
"877","toromiller","877"
"878","ChrisPinTX","878"
"879","BKnowles314","879"
"880","BeyondStatusQuo","880"
"881","Frqtflyer1","881"
"882","travelpro888","882"
"883","ClaudiaMarrufo","883"
"884","katieclaytonn","884"
"885","JasmineDT","885"
"886","nigelcornwallis","886"
"887","markymark928","887"
"888","sdpurv","888"
"889","HamborgJack","889"
"890","deltabrav0","890"
"891","anniemccleary","891"
"892","BALLarsen","892"
"893","kyles32","893"
"894","rebeccafrack","894"
"895","asciimike","895"
"896","gochrisgo","896"
"897","almaaa08","897"
"898","BrianMullane","898"
"899","jovytavarez","899"
"900","Joe_Curry","900"
"901","Luvs_Kitties","901"
"902","keithlavon","902"
"903","TheJonesest","903"
"904","ericdavidson86","904"
"905","Aero0729","905"
"906","CDNTravelGuy","906"
"907","lorrirhymeswith","907"
"908","DangerPeters","908"
"909","ssapol5722","909"
"910","thebadvillain","910"
"911","Girlsurgeon","911"
"912","SomuchWhit","912"
"913","NancyDiaznancyn","913"
"914","LisaGetz1","914"
"915","rlgeraets","915"
"916","marcotulioluis","916"
"917","natashajw","917"
"918","tiamariaroxs","918"
"919","kaobrien812","919"
"920","DRVerges","920"
"921","Rianne1","921"
"922","uncommongrape","922"
"923","raisas91","923"
"924","meigheyburn","924"
"925","McLeodKyle","925"
"926","geekydewd","926"
"927","bricon67","927"
"928","tomlongphd","928"
"929","DJKHacker","929"
"930","cressman","930"
"931","scottecrouch","931"
"932","TQHopper","932"
"933","bmorrismusic","933"
"934","nottooshABBYYYY","934"
"935","baftz","935"
"936","mgmcg16","936"
"937","axelrodaj","937"
"938","sandyrojasstory","938"
"939","xtinageorgette","939"
"940","RyanSennett","940"
"941","bobgiolito","941"
"942","FernHeinig18","942"
"943","Jodieepps","943"
"944","markinhifi","944"
"945","Fire_Bilal","945"
"946","mamijeanna","946"
"947","lamanmi_live","947"
"948","Mikey_Hayess","948"
"949","halestorm62","949"
"950","zengerle","950"
"951","adamd703","951"
"952","cambalam","952"
"953","djflacoflash","953"
"954","wfmayo","954"
"955","danny_9_9","955"
"956","MCB235","956"
"957","mckakia","957"
"958","kgwalt3","958"
"959","anoyes","959"
"960","Andy_Pi","960"
"961","Lollapoluga","961"
"962","joepilot7","962"
"963","RichGoldstein","963"
"964","malexcormier","964"
"965","mustardman123","965"
"966","unusualcards","966"
"967","emilygalati","967"
"968","mollybowlingpin","968"
"969","mangz","969"
"970","EastinDeverna","970"
"971","Spencerklein","971"
"972","reccewife","972"
"973","Npatel3297","973"
"974","YelpPittsburgh","974"
"975","XlnsMngr","975"
"976","bryankendro","976"
"977","denitiodeltoro","977"
"978","F_Mattioli","978"
"979","jesuisJOse","979"
"980","onemanvariety","980"
"981","IamTamica","981"
"982","AlexColIins","982"
"983","LaHauser","983"
"984","CrowdSafetyNI","984"
"985","trinjw","985"
"986","jrmcirvin","986"
"987","ImagesbyTLP","987"
"988","JennyLeeinDC","988"
"989","jtromano","989"
"990","JetSetterJD","990"
"991","TSAmedia_RossF","991"
"992","Meatus_prime","992"
"993","SmashMastr","993"
"994","michaelvandijk1","994"
"995","kaf_silva","995"
"996","FlyRightSeat10","996"
"997","DanVidayo","997"
"998","rikrik__","998"
"999","tunkuv","999"
"1000","DJTouf","1000"
"1001","Juliaweinerman","1001"
"1002","rhettmcpeake","1002"
"1003","JessLisaM","1003"
"1004","baj2081","1004"
"1005","immersiveg","1005"
"1006","FAiRChicago","1006"
"1007","ericaswerdlow","1007"
"1008","ChrisOneputt91","1008"
"1009","erikmkeith","1009"
"1010","DruskinMichael","1010"
"1011","gtotheoff","1011"
"1012","mathardin","1012"
"1013","kannanlakshmi","1013"
"1014","jprice9227","1014"
"1015","TheFireTracker2","1015"
"1016","bfunai","1016"
"1017","LisaAkey","1017"
"1018","Fly_Shreveport","1018"
"1019","DrupalRuth","1019"
"1020","scottdraeger","1020"
"1021","anuaimi","1021"
"1022","achoifitz","1022"
"1023","kenny_khoo","1023"
"1024","jakejrssherry","1024"
"1025","thefarb","1025"
"1026","joelrwilliams1","1026"
"1027","tyguybye","1027"
"1028","RPun","1028"
"1029","BUlizard","1029"
"1030","krisrice","1030"
"1031","mgsaldana","1031"
"1032","iamchriswoody","1032"
"1033","BigJosh797","1033"
"1034","Ofbikesandbirds","1034"
"1035","JTraxxNYC","1035"
"1036","no_patients","1036"
"1037","poweroflindsey","1037"
"1038","OScotty73","1038"
"1039","directeng62","1039"
"1040","paul27k","1040"
"1041","Lmuschel","1041"
"1042","kiiimbra","1042"
"1043","emilyjoynoon","1043"
"1044","JoshuaPasch","1044"
"1045","KHSailing","1045"
"1046","Mikeplos","1046"
"1047","richlallen","1047"
"1048","steve__chin","1048"
"1049","AlyssaOMalley","1049"
"1050","vascaino101","1050"
"1051","rayja9","1051"
"1052","AG1181","1052"
"1053","AbbieBjugstad","1053"
"1054","18handicap","1054"
"1055","windycityf","1055"
"1056","timdrewitt","1056"
"1057","abbymrudd","1057"
"1058","GetxGnarly","1058"
"1059","emrichards","1059"
"1060","AbbyTeigland","1060"
"1061","dlc_dc","1061"
"1062","UK_Petrolhead","1062"
"1063","FarmerFlo","1063"
"1064","benty83","1064"
"1065","Bharrison__","1065"
"1066","MaryStinchfield","1066"
"1067","danielbyrnes","1067"
"1068","rmeyers_5","1068"
"1069","Laura_GomezRod","1069"
"1070","tspinnersbride","1070"
"1071","samgrobart","1071"
"1072","mbrooke_brooke","1072"
"1073","saraholbrook","1073"
"1074","tunacan1901","1074"
"1075","DangVanda","1075"
"1076","_Charette_","1076"
"1077","DavidLat","1077"
"1078","DebraAgFax","1078"
"1079","vallar9","1079"
"1080","judaline6","1080"
"1081","HFShortSeller","1081"
"1082","LMSNaomi","1082"
"1083","rossisd","1083"
"1084","hellmann_kyle2","1084"
"1085","particularmolly","1085"
"1086","karenmel","1086"
"1087","tmccartney","1087"
"1088","vickis_secrets","1088"
"1089","daviswb","1089"
"1090","laurahotaling","1090"
"1091","KopaKola","1091"
"1092","aDeniseHuxtable","1092"
"1093","fsherfey","1093"
"1094","AirLabrador","1094"
"1095","ideoeric","1095"
"1096","gabi1985","1096"
"1097","OmarMohiuddin","1097"
"1098","Eivind_G","1098"
"1099","LuisCadena","1099"
"1100","JoeSchmuck","1100"
"1101","prettytrini22","1101"
"1102","SCVPools","1102"
"1103","SamChipperfield","1103"
"1104","rkvl","1104"
"1105","djsox5","1105"
"1106","BBickmire","1106"
"1107","swolfhoops","1107"
"1108","BenHabbel","1108"
"1109","4geiger","1109"
"1110","SCBruinsfan","1110"
"1111","HoustonBlueMan","1111"
"1112","WilliGranny","1112"
"1113","FrontRowEc","1113"
"1114","mitchheard","1114"
"1115","201Chef","1115"
"1116","opjebekrol","1116"
"1117","jrdurante","1117"
"1118","patrickbeiers","1118"
"1119","toinecl","1119"
"1120","worldknits","1120"
"1121","emmarosewright","1121"
"1122","WayneMAaron","1122"
"1123","starbeer","1123"
"1124","Nick_Delray","1124"
"1125","jeisensc","1125"
"1126","kidang","1126"
"1127","dkosi2","1127"
"1128","drr51664","1128"
"1129","CressM","1129"
"1130","ajbohman","1130"
"1131","plazaroff","1131"
"1132","KapuriaMd","1132"
"1133","jasminhunter","1133"
"1134","allen_crawford","1134"
"1135","newguymeltz","1135"
"1136","RJordan47","1136"
"1137","cryancox","1137"
"1138","YaDurak","1138"
"1139","patrick_maness","1139"
"1140","AdamDonkus","1140"
"1141","juansequeda","1141"
"1142","ATL_Attorney","1142"
"1143","moss_jas","1143"
"1144","goldsteinmlg","1144"
"1145","StregaHorn","1145"
"1146","bushth07","1146"
"1147","JeremyAllynAmes","1147"
"1148","ericdUX","1148"
"1149","NosihtamInc","1149"
"1150","3speed","1150"
"1151","GusSpaulding","1151"
"1152","roryfreeman87","1152"
"1153","DanielPaulEller","1153"
"1154","BuickJohnc","1154"
"1155","Angry_VBK","1155"
"1156","pawenrick","1156"
"1157","ljsbrooks","1157"
"1158","auciello","1158"
"1159","szymanski_t","1159"
"1160","CoachMcRoberts","1160"
"1161","21stCenturyMom","1161"
"1162","Therobertlewin","1162"
"1163","FlyChristo","1163"
"1164","jlongoria21","1164"
"1165","siobhanvivian","1165"
"1166","GreenkidspenWRA","1166"
"1167","EmmeliePickett","1167"
"1168","fctry","1168"
"1169","betorides","1169"
"1170","mahrruk","1170"
"1171","DaRenton","1171"
"1172","wamo66","1172"
"1173","PubliusTX","1173"
"1174","Potter_Who","1174"
"1175","ohsweet_melissa","1175"
"1176","RodahlLL","1176"
"1177","sap_geek","1177"
"1178","anil_arca","1178"
"1179","KP_DR_RAMOS","1179"
"1180","Whosgunz","1180"
"1181","robbid","1181"
"1182","ahaeder","1182"
"1183","traceyabbywhite","1183"
"1184","houckie","1184"
"1185","SagiRoi","1185"
"1186","jpfox13","1186"
"1187","gwp22183","1187"
"1188","jessehaines","1188"
"1189","mwbotelho","1189"
"1190","svhlatky","1190"
"1191","cedraughn","1191"
"1192","docambrose97","1192"
"1193","LisaKothari","1193"
"1194","seb749","1194"
"1195","Patty_Ell","1195"
"1196","tu_huynh","1196"
"1197","fabricelion","1197"
"1198","DVERandy","1198"
"1199","victor_haydin","1199"
"1200","MichaelJGlasgow","1200"
"1201","jimbradshaw4","1201"
"1202","chivo2089","1202"
"1203","MrTrippe","1203"
"1204","MMMarketing2014","1204"
"1205","jaykirell","1205"
"1206","MaxAbrahms","1206"
"1207","joynal03","1207"
"1208","suntoshi","1208"
"1209","MissDanaJones","1209"
"1210","RoyLe9","1210"
"1211","gregliefooghe","1211"
"1212","MarkGilden","1212"
"1213","mrp","1213"
"1214","kreespa","1214"
"1215","billqamz","1215"
"1216","EmilyIsBach","1216"
"1217","ChrisJValdez","1217"
"1218","annnnge","1218"
"1219","JSJ35","1219"
"1220","StephanieWeyant","1220"
"1221","JEOKOO1","1221"
"1222","Mare_McCoy","1222"
"1223","AppAmy","1223"
"1224","mollypriddy","1224"
"1225","tweets1971","1225"
"1226","L_Simmons","1226"
"1227","djMaxM","1227"
"1228","tippykayak","1228"
"1229","apopnj01","1229"
"1230","WM_j_MW","1230"
"1231","alexisniicole25","1231"
"1232","_BenHoffman_","1232"
"1233","Blondiemcl6","1233"
"1234","jackiehoglund","1234"
"1235","Fader_Jockey","1235"
"1236","mjfredricks259","1236"
"1237","AMMBoman","1237"
"1238","hannahcbeck","1238"
"1239","Soniascrocchi15","1239"
"1240","c4pyro","1240"
"1241","dHowITzr","1241"
"1242","JimStarkBalla","1242"
"1243","ambersings","1243"
"1244","kimbatronic","1244"
"1245","ralonG2013","1245"
"1246","aushianya","1246"
"1247","tech_henrywong","1247"
"1248","independentid","1248"
"1249","ScottyNeuman","1249"
"1250","mesapuyo","1250"
"1251","Chunkingtonchad","1251"
"1252","D4Duskes","1252"
"1253","MattySags","1253"
"1254","Colettod","1254"
"1255","ssegraves","1255"
"1256","ntrogers","1256"
"1257","Jo_Frost","1257"
"1258","IssenSvensson","1258"
"1259","danklein2112","1259"
"1260","stevestillalive","1260"
"1261","keithdunn","1261"
"1262","ZachAlpert","1262"
"1263","Sean_Stamos","1263"
"1264","tarlonious","1264"
"1265","niais","1265"
"1266","Manda_Bear_143","1266"
"1267","hadAbadWeek","1267"
"1268","hsimpson100","1268"
"1269","BryceHuffman","1269"
"1270","leahgenise","1270"
"1271","StephanieCarvin","1271"
"1272","cbtadvisors","1272"
"1273","absfine","1273"
"1274","yajur","1274"
"1275","richardtitus","1275"
"1276","Mumon7","1276"
"1277","micp3208","1277"
"1278","mrskmwatkins","1278"
"1279","JeremyPress1","1279"
"1280","SoulFreeDreams","1280"
"1281","EYA10","1281"
"1282","ericjramsey","1282"
"1283","jyotipethe","1283"
"1284","damahoff","1284"
"1285","aaron_lawlor","1285"
"1286","MarkKostka1","1286"
"1287","idontbesoft","1287"
"1288","maxcotter","1288"
"1289","lala0178","1289"
"1290","majacgray","1290"
"1291","Pseudonymous","1291"
"1292","getpatrick","1292"
"1293","BethRunsDisney","1293"
"1294","Randy_King_SF","1294"
"1295","seansegal","1295"
"1296","lowenberg","1296"
"1297","atom_burke","1297"
"1298","Angela_Saurine","1298"
"1299","flyinhoc1","1299"
"1300","ByronJ","1300"
"1301","HPStorageGuy","1301"
"1302","minion444","1302"
"1303","jbishop309","1303"
"1304","thatchickmaggie","1304"
"1305","ExplodingGreen","1305"
"1306","michaelmcd","1306"
"1307","Abdelati786","1307"
"1308","luko","1308"
"1309","jimccooper","1309"
"1310","SmallMol","1310"
"1311","gerryrard","1311"
"1312","WendyJaccard","1312"
"1313","untalMontfort","1313"
"1314","SallyM0nster","1314"
"1315","keykeydoodle","1315"
"1316","davidblevine","1316"
"1317","jamescalderwood","1317"
"1318","Far3TheeWell","1318"
"1319","carolinepqrst","1319"
"1320","Keels2515","1320"
"1321","loracle","1321"
"1322","BekeAbe","1322"
"1323","eotoro","1323"
"1324","hoozsah","1324"
"1325","joshanon","1325"
"1326","bradleycfox","1326"
"1327","pongchmp","1327"
"1328","travelmanphil","1328"
"1329","school_tales","1329"
"1330","jcharvardapp","1330"
"1331","nicc1217","1331"
"1332","BVSCAPE","1332"
"1333","IanJolicoeur","1333"
"1334","KristinMcNeil","1334"
"1335","gorgeousjack","1335"
"1336","GregKuroda","1336"
"1337","ABBaitCo","1337"
"1338","9kenny5","1338"
"1339","kenzieellis","1339"
"1340","MeganStorey415","1340"
"1341","PalenMcDermott","1341"
"1342","alicekeeler","1342"
"1343","SoSickOfBallin","1343"
"1344","NoahLocke","1344"
"1345","jorge_guajardo","1345"
"1346","heygorgevents","1346"
"1347","EbolaOutbreakUS","1347"
"1348","smithnr","1348"
"1349","justleon","1349"
"1350","cryfshr","1350"
"1351","AndrewMcDublin","1351"
"1352","ThatsVy","1352"
"1353","rpgibson8589","1353"
"1354","TheBarnesology","1354"
"1355","AviNewYork","1355"
"1356","AngelikaGiatras","1356"
"1357","setfive","1357"
"1358","elmoray","1358"
"1359","HSeeley14","1359"
"1360","polkj71","1360"
"1361","ChefjeffSD","1361"
"1362","WSlough","1362"
"1363","jowyang","1363"
"1364","pwaggs","1364"
"1365","jaycalavas","1365"
"1366","toddon14th","1366"
"1367","zachkpearson","1367"
"1368","brandonmajor","1368"
"1369","TenyZhu","1369"
"1370","itsmarisa","1370"
"1371","marynevis","1371"
"1372","jenkulp","1372"
"1373","GatorKim_ATL","1373"
"1374","aptnelson","1374"
"1375","CheoGA","1375"
"1376","janemswift","1376"
"1377","PierreSchmit","1377"
"1378","RussPJohn","1378"
"1379","jsmithers","1379"
"1380","rena_lea","1380"
"1381","JimRessler","1381"
"1382","dmb41shows","1382"
"1383","Andrewc11776","1383"
"1384","Waveruprecht24","1384"
"1385","joesanchezr","1385"
"1386","DianaGo144","1386"
"1387","2533107724Paul","1387"
"1388","KristenRuybal","1388"
"1389","Carl_Cochran1","1389"
"1390","darcqhorse","1390"
"1391","SeanFedorko","1391"
"1392","NewsLadiesNeed","1392"
"1393","your_ride_dear","1393"
"1394","drwebber","1394"
"1395","CBench79","1395"
"1396","Globe_Guide","1396"
"1397","recon_love","1397"
"1398","paul_e_jones","1398"
"1399","gngstout","1399"
"1400","gehandabare","1400"
"1401","AnnieBodyCanada","1401"
"1402","iamlaurencard","1402"
"1403","CFCDarlene","1403"
"1404","TimothyJGill","1404"
"1405","grahamh00","1405"
"1406","29MC29","1406"
"1407","argrenier","1407"
"1408","weymouth371","1408"
"1409","SisterTristan","1409"
"1410","jrdnly","1410"
"1411","michabt","1411"
"1412","not_asteroid","1412"
"1413","startupofme","1413"
"1414","owenmcstravick","1414"
"1415","LuxuryFred","1415"
"1416","GoGirlKnows","1416"
"1417","les_gingem","1417"
"1418","smallestnode","1418"
"1419","tannad2001","1419"
"1420","_LaVitaLoca","1420"
"1421","Colocowgirl24","1421"
"1422","froschmarc","1422"
"1423","baldordash","1423"
"1424","kylemostyn","1424"
"1425","Zortrium0","1425"
"1426","NadeemdeVree","1426"
"1427","zombiesausage","1427"
"1428","hannahhappie","1428"
"1429","LewisSalgadoNYC","1429"
"1430","tony____k","1430"
"1431","smonnat","1431"
"1432","sjampol","1432"
"1433","kayyywe","1433"
"1434","calebkelley","1434"
"1435","convair990BHX","1435"
"1436","tbjackson09","1436"
"1437","LandoForziati","1437"
"1438","retailtherapy10","1438"
"1439","Pacen8r","1439"
"1440","DiqM","1440"
"1441","tomwylie19","1441"
"1442","BDWiese","1442"
"1443","JuanJoseRG02","1443"
"1444","garycirlin","1444"
"1445","beckybye","1445"
"1446","justin_gbp","1446"
"1447","BenBell22","1447"
"1448","lingley","1448"
"1449","ananth77","1449"
"1450","_Eric_Bishop","1450"
"1451","Mike_J_Morgan","1451"
"1452","NicoleRoundy","1452"
"1453","Addair","1453"
"1454","Sallee_D","1454"
"1455","ryaneaster","1455"
"1456","CaseyBarnes1","1456"
"1457","tcfitz3","1457"
"1458","filmbizpro","1458"
"1459","DNLee5","1459"
"1460","jakehparrott","1460"
"1461","theycallme_HH","1461"
"1462","elliotdebruyn","1462"
"1463","DarianDavis","1463"
"1464","_SamanthaAkira","1464"
"1465","StevieT_89","1465"
"1466","NoviceFlyer","1466"
"1467","alexreznik","1467"
"1468","dasbet","1468"
"1469","cindykane","1469"
"1470","AndreaDurkee","1470"
"1471","MERBARAT","1471"
"1472","dtcurtbrown","1472"
"1473","EdinReporter","1473"
"1474","neilawinston","1474"
"1475","iandroid614","1475"
"1476","danahajek","1476"
"1477","CaptainDave13","1477"
"1478","robbshurr","1478"
"1479","johnwoodRTR","1479"
"1480","kellyirish72","1480"
"1481","ldellabella","1481"
"1482","jayasherguy","1482"
"1483","MouadofMoney","1483"
"1484","larissatandy","1484"
"1485","summert10","1485"
"1486","DerekTrovi","1486"
"1487","PeterDawoud","1487"
"1488","kevinkugler","1488"
"1489","MyFitness52","1489"
"1490","Merrick757","1490"
"1491","raindovemodel","1491"
"1492","TreyHeckaman","1492"
"1493","Csqd","1493"
"1494","GoALDE","1494"
"1495","elbrooklyntaco","1495"
"1496","callmekaitxo","1496"
"1497","Snow4meErika","1497"
"1498","abhirajan","1498"
"1499","The_CW","1499"
"1500","girlsgetaways","1500"
"1501","AbePrescher","1501"
"1502","4wordSOUL","1502"
"1503","leigh_emery","1503"
"1504","Never_Regret_It","1504"
"1505","DustinDreams","1505"
"1506","LEAisMYidol","1506"
"1507","RONISREALTOR","1507"
"1508","lisahsamuel","1508"
"1509","DManonog","1509"
"1510","moonfacestudios","1510"
"1511","MrsHeyGil","1511"
"1512","LyndsyRobinson","1512"
"1513","GDClearedToLand","1513"
"1514","lindork","1514"
"1515","xVanDanx","1515"
"1516","DrPhilManning","1516"
"1517","AmaniHardrict","1517"
"1518","paulgomez99","1518"
"1519","Bee_Branded","1519"
"1520","christinerimay","1520"
"1521","Jperez201","1521"
"1522","SamuelRBowles","1522"
"1523","LinaSalazar","1523"
"1524","bokhary","1524"
"1525","ayangoswami","1525"
"1526","kellanjacobs","1526"
"1527","eddietemistokle","1527"
"1528","Thomas_12345","1528"
"1529","MayhemRevived","1529"
"1530","ThomasRogersSG","1530"
"1531","TaraNorden","1531"
"1532","tjny753","1532"
"1533","Y_Marms5","1533"
"1534","tompenning","1534"
"1535","sjwwalsh","1535"
"1536","bakedstove","1536"
"1537","1234567890_","1537"
"1538","JPKirchmeier","1538"
"1539","paigeworthy","1539"
"1540","laurenmadams","1540"
"1541","MadisonWatts_","1541"
"1542","AJMILBRANDT","1542"
"1543","Dra_Mck","1543"
"1544","Decode_NewYork","1544"
"1545","HobertRunter","1545"
"1546","HILL_PARTYofone","1546"
"1547","nfriesen1","1547"
"1548","Charlie_Mich","1548"
"1549","wisemana","1549"
"1550","KatieJelen","1550"
"1551","ferriertv","1551"
"1552","StarksRavings","1552"
"1553","iamtedking","1553"
"1554","JamieReidy","1554"
"1555","LJ3000","1555"
"1556","robfarrisjr","1556"
"1557","JW_Blocker","1557"
"1558","iamawarplane","1558"
"1559","suijuris","1559"
"1560","Schlubach","1560"
"1561","ellembee","1561"
"1562","takwind_","1562"
"1563","archivelle","1563"
"1564","livingextreme","1564"
"1565","Mimsw","1565"
"1566","EddieUmphrey","1566"
"1567","KennethRMurray","1567"
"1568","chozee1","1568"
"1569","jbersack","1569"
"1570","BurkeCherrie","1570"
"1571","jayw329","1571"
"1572","CEUGRATN","1572"
"1573","cruzontour","1573"
"1574","AtulKC","1574"
"1575","DreLongo","1575"
"1576","ibrowning85","1576"
"1577","fambai","1577"
"1578","GoBeavs808","1578"
"1579","BattierCCIpuppy","1579"
"1580","RegYohanan","1580"
"1581","ChrisLaylin","1581"
"1582","Heaton52","1582"
"1583","jacobburkholder","1583"
"1584","caseymugar","1584"
"1585","yuethomas","1585"
"1586","matsmall","1586"
"1587","AlsoRococo","1587"
"1588","bethweesner","1588"
"1589","ThePappaShacks","1589"
"1590","__ciberpepe","1590"
"1591","CpyburnDC","1591"
"1592","44Stocker","1592"
"1593","SchrammRyan","1593"
"1594","jeeden_1","1594"
"1595","jayfalck","1595"
"1596","Paul_Faust","1596"
"1597","Coco_Flotte","1597"
"1598","KeldaPharris","1598"
"1599","bretlonder","1599"
"1600","divvashi","1600"
"1601","AlexanderPancoe","1601"
"1602","ADolledUpBlog","1602"
"1603","andreamvdlg","1603"
"1604","middlebrowmadam","1604"
"1605","Bigmenk65","1605"
"1606","justindoll","1606"
"1607","SocialMktgFella","1607"
"1608","megane_ko","1608"
"1609","bugstory","1609"
"1610","LRuns4Cupcakes","1610"
"1611","dekt","1611"
"1612","youRsoMoney","1612"
"1613","PaintboxGirl","1613"
"1614","bubnub","1614"
"1615","benjaminslavin","1615"
"1616","dcharb10","1616"
"1617","abigailedge","1617"
"1618","ScribblersNook","1618"
"1619","GottaGoFlying","1619"
"1620","_jesseeka","1620"
"1621","michaelotto71","1621"
"1622","vnpeace","1622"
"1623","Scottsimanek","1623"
"1624","DavidM2357","1624"
"1625","StartupReport","1625"
"1626","AMaxwellKerr","1626"
"1627","DubsterCali","1627"
"1628","shanp611","1628"
"1629","YouSoFancy","1629"
"1630","ItsmeAndrewC","1630"
"1631","MikeJJT","1631"
"1632","VCollins82","1632"
"1633","Easy_E_","1633"
"1634","DuncanKneeDeep","1634"
"1635","PFcurator","1635"
"1636","MarthaH65165635","1636"
"1637","PamelaBacorn","1637"
"1638","rkjohnson2","1638"
"1639","VidFall","1639"
"1640","geoff_lane","1640"
"1641","ant_kneee","1641"
"1642","rockstarbrands","1642"
"1643","alinosa","1643"
"1644","paul_chard63","1644"
"1645","datachick","1645"
"1646","mikebrandes","1646"
"1647","SoyCoder","1647"
"1648","BananaPants06","1648"
"1649","Eileen429","1649"
"1650","VitalMX","1650"
"1651","lcadler","1651"
"1652","dizbaa1","1652"
"1653","mom23185","1653"
"1654","Mammothchowder","1654"
"1655","traceyleffler","1655"
"1656","DanSeldow","1656"
"1657","Westonworld","1657"
"1658","Mortars254","1658"
"1659","LifeofPL","1659"
"1660","mrphoto","1660"
"1661","pacers49","1661"
"1662","theoli_co","1662"
"1663","riad_otoum","1663"
"1664","hplager","1664"
"1665","MR_G_LISTER","1665"
"1666","BpfallonNYC","1666"
"1667","markbrownwriter","1667"
"1668","Sweet_Curly","1668"
"1669","n_moffitt","1669"
"1670","RickWasfy","1670"
"1671","mariel_soraya","1671"
"1672","TaylorWoot","1672"
"1673","jcpowell1285","1673"
"1674","redirsrm","1674"
"1675","NorbertJaw","1675"
"1676","karenharbert","1676"
"1677","OliviaFett","1677"
"1678","Frannyonthego","1678"
"1679","robthecameraman","1679"
"1680","JBrazie","1680"
"1681","barry_croker","1681"
"1682","ParsnipButter","1682"
"1683","lifeisabeech8","1683"
"1684","rdahlstrom99","1684"
"1685","kamaro67","1685"
"1686","JedediahBila","1686"
"1687","admiralkate","1687"
"1688","ticopilot","1688"
"1689","a_a_ron_cbus","1689"
"1690","ZachHonig","1690"
"1691","MattFrederick00","1691"
"1692","globalnearshore","1692"
"1693","caitlingshaw","1693"
"1694","jbone3353","1694"
"1695","techartistsorg","1695"
"1696","thejoemadison","1696"
"1697","syncros","1697"
"1698","josephpwilson","1698"
"1699","blastedgtl","1699"
"1700","jonatzzValdez","1700"
"1701","BlainPlanes","1701"
"1702","Selcukatli","1702"
"1703","MattRockman1","1703"
"1704","JackieSken","1704"
"1705","bmbhawk","1705"
"1706","ExterionMediaNI","1706"
"1707","SLrnS","1707"
"1708","Azraellius","1708"
"1709","derwiki","1709"
"1710","sbellfi4","1710"
"1711","Sinatra1979","1711"
"1712","Amybabic","1712"
"1713","JeremyHuts","1713"
"1714","dnr_pr","1714"
"1715","georgev27","1715"
"1716","lskingdavis","1716"
"1717","tennesseejc","1717"
"1718","CristineKao","1718"
"1719","cleskowitz","1719"
"1720","jefftang1975","1720"
"1721","RobTrongone","1721"
"1722","UnitedAppeals","1722"
"1723","jbeddigs","1723"
"1724","mforrest28","1724"
"1725","cynthianatalie","1725"
"1726","iampaz","1726"
"1727","CeC","1727"
"1728","desiree_d_h","1728"
"1729","scottfosteresq","1729"
"1730","G4gey","1730"
"1731","JuniorOgieBLC","1731"
"1732","meredithstille","1732"
"1733","nancy_g3","1733"
"1734","Gadgetakis","1734"
"1735","c_hughes_88","1735"
"1736","tjhazzard","1736"
"1737","fatihguvenen","1737"
"1738","Corey5Alexander","1738"
"1739","dstamberg","1739"
"1740","LukaszZgiep","1740"
"1741","SuzannaPDX","1741"
"1742","greekcelt","1742"
"1743","jasecam","1743"
"1744","Matt_W_Scott","1744"
"1745","dan_roam","1745"
"1746","JerikaPhelps","1746"
"1747","newyorkwool","1747"
"1748","Chungy0216","1748"
"1749","Kimberlinho","1749"
"1750","juanbl","1750"
"1751","JenniferWalshPR","1751"
"1752","bren8oh8","1752"
"1753","jozecuervo","1753"
"1754","nrihssn","1754"
"1755","ukposa","1755"
"1756","sigilgoat","1756"
"1757","Mosborne13","1757"
"1758","taylorjfisher","1758"
"1759","RobBogart","1759"
"1760","Madisonnnicole3","1760"
"1761","wit_knee_jones","1761"
"1762","theAdamW","1762"
"1763","AnnabelleBlume","1763"
"1764","markemanuelli","1764"
"1765","Random55Dude","1765"
"1766","DominikDesbois","1766"
"1767","clkc86","1767"
"1768","SBondyNYDN","1768"
"1769","neilaruggiero","1769"
"1770","Tamarabrams","1770"
"1771","Ro_S","1771"
"1772","MrJADMIX","1772"
"1773","stephaniefoos","1773"
"1774","MitchBlatt","1774"
"1775","mariachan90","1775"
"1776","Sandarella03","1776"
"1777","dgingiss","1777"
"1778","per_ines","1778"
"1779","philwa","1779"
"1780","vmallarapu","1780"
"1781","MeYoItsMe","1781"
"1782","ChadARichardson","1782"
"1783","CrayonBytes","1783"
"1784","SupaZ22","1784"
"1785","Jaytolchinsky","1785"
"1786","mareshaw3","1786"
"1787","MichaelWHarlan","1787"
"1788","AlexandraLeahP","1788"
"1789","zZzTeHzZz","1789"
"1790","mosesfreund","1790"
"1791","SeanLansing","1791"
"1792","Pitia85","1792"
"1793","Buffarino","1793"
"1794","tonypal1588","1794"
"1795","Ozzy1652","1795"
"1796","MarcWinNJ","1796"
"1797","Julie_Burg","1797"
"1798","FlyerTalk","1798"
"1799","tsbjr33","1799"
"1800","conradusa","1800"
"1801","TheLunchBelle","1801"
"1802","kgbates","1802"
"1803","jnay777","1803"
"1804","J_Okayy","1804"
"1805","SherryanneMeyer","1805"
"1806","LimeLiberator","1806"
"1807","abecohenj","1807"
"1808","viahailey","1808"
"1809","acmejla","1809"
"1810","udontknowmam","1810"
"1811","darrylwalter","1811"
"1812","MyRxs","1812"
"1813","BlessedByACohen","1813"
"1814","MissMcB76","1814"
"1815","BakerRGrant","1815"
"1816","BrianReinert1","1816"
"1817","Stephurnee","1817"
"1818","gambajosh","1818"
"1819","pvb29","1819"
"1820","brendanfinn","1820"
"1821","tdawghill","1821"
"1822","constantlearne1","1822"
"1823","RobCNYC","1823"
"1824","dwrichy","1824"
"1825","cptrice","1825"
"1826","ChicagoEvan","1826"
"1827","fatmanscoop","1827"
"1828","changecollab","1828"
"1829","dr_spencer","1829"
"1830","Czone12","1830"
"1831","hstark","1831"
"1832","fatabdula","1832"
"1833","PaulBEsteves","1833"
"1834","whyyylie","1834"
"1835","omerrana","1835"
"1836","Caraba10","1836"
"1837","Depeche007","1837"
"1838","nivekt13","1838"
"1839","skyjumper77","1839"
"1840","ellenrayrx","1840"
"1841","dschach","1841"
"1842","cheryllynnregan","1842"
"1843","smorg73","1843"
"1844","TonyLauro","1844"
"1845","SonyaSloanMD","1845"
"1846","bryandey","1846"
"1847","marylkrupa","1847"
"1848","Clashysass","1848"
"1849","johndgraham","1849"
"1850","annricord","1850"
"1851","jasemccarty","1851"
"1852","QuinnPJ","1852"
"1853","hartgarfunkel","1853"
"1854","TomWarrenburg","1854"
"1855","triathlete06","1855"
"1856","JFED15","1856"
"1857","morrisls","1857"
"1858","TheKevinDent","1858"
"1859","khigdon1","1859"
"1860","Rksshots","1860"
"1861","MSLspeaks","1861"
"1862","ccbbm82413","1862"
"1863","adownie","1863"
"1864","jasonramer","1864"
"1865","jeggers","1865"
"1866","ada_dog","1866"
"1867","AgrippaInTheAir","1867"
"1868","deannachurch","1868"
"1869","rick4tkins","1869"
"1870","lucianosr83","1870"
"1871","galewolfe","1871"
"1872","harvblain","1872"
"1873","vmnkishore","1873"
"1874","dandadams","1874"
"1875","peteeustic","1875"
"1876","jttorrey","1876"
"1877","tcar","1877"
"1878","blake_music","1878"
"1879","DarinBrannon","1879"
"1880","SandyPoole1","1880"
"1881","neecolelong","1881"
"1882","bwood","1882"
"1883","DaveGraf1965","1883"
"1884","ItsAaronChriz","1884"
"1885","marinwino","1885"
"1886","CorettaBrowne","1886"
"1887","SleazyC_","1887"
"1888","Dile___","1888"
"1889","Spofforth58","1889"
"1890","deaffriendlyUSA","1890"
"1891","vina_love","1891"
"1892","Ssanchik","1892"
"1893","jenny0z","1893"
"1894","njsummerBREEze","1894"
"1895","marmaidz","1895"
"1896","LeanneComedy","1896"
"1897","jaredmatfess","1897"
"1898","souleyoga","1898"
"1899","Jewelsia26","1899"
"1900","ResearchDad","1900"
"1901","nicolasmm","1901"
"1902","Brennej","1902"
"1903","canmoregolfer","1903"
"1904","BTMarleyCoffee","1904"
"1905","theo","1905"
"1906","jong_pj","1906"
"1907","TheBIGCafeteria","1907"
"1908","JerseyRic","1908"
"1909","PAIGER33","1909"
"1910","stewartmramsay","1910"
"1911","DeltaBravo33","1911"
"1912","z1y2x3","1912"
"1913","nabia90","1913"
"1914","27_POWERS","1914"
"1915","sherrirosen","1915"
"1916","YeahNoPriesty","1916"
"1917","ellieINchicago","1917"
"1918","estellevw","1918"
"1919","DMSHIPMAN915","1919"
"1920","AndavoTravel","1920"
"1921","NathanNmred4","1921"
"1922","SaintAwesome504","1922"
"1923","kylry","1923"
"1924","slackmistress","1924"
"1925","elloecho","1925"
"1926","melanie_seibert","1926"
"1927","KP_Pearl","1927"
"1928","hvonschroeter","1928"
"1929","uncmnwellness","1929"
"1930","llbeefpatties","1930"
"1931","caraweikel","1931"
"1932","eghoniem","1932"
"1933","craver","1933"
"1934","PAFCAUAL","1934"
"1935","nickonken","1935"
"1936","msteckling","1936"
"1937","BurgerFreshh","1937"
"1938","hire_llc","1938"
"1939","scout_mb","1939"
"1940","chaduragt","1940"
"1941","mfaywu","1941"
"1942","jfmusial","1942"
"1943","TheClayFox","1943"
"1944","promitsanyal","1944"
"1945","AnneGillaspie","1945"
"1946","ybenami","1946"
"1947","Stacycole","1947"
"1948","jwcriner","1948"
"1949","somstanley","1949"
"1950","taylreduarte","1950"
"1951","TheVintageDJ","1951"
"1952","WhaddupWorld","1952"
"1953","WeekendInParis","1953"
"1954","RoyHalimMusic","1954"
"1955","jordanslott","1955"
"1956","stylistadvocate","1956"
"1957","mlipschits","1957"
"1958","jchatelain","1958"
"1959","cwehrung","1959"
"1960","jeremydilts","1960"
"1961","lalo_haros","1961"
"1962","Enix23","1962"
"1963","SteefFleur","1963"
"1964","AndrewEllestad","1964"
"1965","SchoeckSTIC","1965"
"1966","fatt_matt1","1966"
"1967","katie_sul1","1967"
"1968","Sebybrubru","1968"
"1969","skilleahy","1969"
"1970","devonmonique","1970"
"1971","MajorBrad","1971"
"1972","ORIMALAYS","1972"
"1973","AirUKPhoto","1973"
"1974","themkhiggy","1974"
"1975","jeremymcmillan","1975"
"1976","jjpd5","1976"
"1977","drooln","1977"
"1978","annemariee46","1978"
"1979","Hanagavadi","1979"
"1980","GoldBuyingGirl","1980"
"1981","TiffanyHaverly","1981"
"1982","MikeFromRBLX","1982"
"1983","alafairburke","1983"
"1984","KarlSoule","1984"
"1985","froyomama","1985"
"1986","dougvansant","1986"
"1987","Dayrean","1987"
"1988","CisWowon","1988"
"1989","Atrain_8","1989"
"1990","amack604","1990"
"1991","travelwithMKJ","1991"
"1992","ImmaMarksThat","1992"
"1993","spoditrice7","1993"
"1994","DominikZmuda","1994"
"1995","ccappas123","1995"
"1996","grath57","1996"
"1997","vasm21","1997"
"1998","laboyd99","1998"
"1999","marccabi","1999"
"2000","santiagopinzong","2000"
"2001","lu0ng","2001"
"2002","Belendelcanto","2002"
"2003","Austin_Dillman","2003"
"2004","MEGHANson","2004"
"2005","140JustinC","2005"
"2006","critic","2006"
"2007","_saranguyen","2007"
"2008","simplyweber","2008"
"2009","caitieamanda","2009"
"2010","MarshBrentnall","2010"
"2011","STLStude","2011"
"2012","MichHardyTV","2012"
"2013","vassko","2013"
"2014","travel_today","2014"
"2015","doug_kurtz","2015"
"2016","theLOdown94","2016"
"2017","ravlitcofsky","2017"
"2018","elisanader","2018"
"2019","SergioESalas","2019"
"2020","TheMouthLAKings","2020"
"2021","gasbabe","2021"
"2022","pnjarich","2022"
"2023","ghidinelli","2023"
"2024","Sophia_Goulet","2024"
"2025","agolod13","2025"
"2026","sjking2000","2026"
"2027","john_escreet","2027"
"2028","lorenzosimpson","2028"
"2029","HelacoHLC","2029"
"2030","georgetietjen","2030"
"2031","TheVeganRD","2031"
"2032","KevinLarke","2032"
"2033","GaryMartinNYC","2033"
"2034","DontenPhoto","2034"
"2035","bryce_carey","2035"
"2036","RobandMeg","2036"
"2037","confox77","2037"
"2038","misslindahong","2038"
"2039","DexterBerkeley","2039"
"2040","jamieduchess","2040"
"2041","JRamosGonzalez","2041"
"2042","OldChickSprints","2042"
"2043","questions_faith","2043"
"2044","MichaelRConroy","2044"
"2045","Lindsey_Brunell","2045"
"2046","Miki_Palich","2046"
"2047","frannie_ryan","2047"
"2048","havecl","2048"
"2049","JustOGG","2049"
"2050","parryaftab","2050"
"2051","Joshua_Redman","2051"
"2052","thisismattuk","2052"
"2053","OneKLutzyNinja","2053"
"2054","promostuff4u","2054"
"2055","JaimeAlexis","2055"
"2056","bethanycknowles","2056"
"2057","herestorian","2057"
"2058","mtezna","2058"
"2059","ianvalentine","2059"
"2060","thekulway","2060"
"2061","jesisforlovers","2061"
"2062","kristen_19","2062"
"2063","jjirsa","2063"
"2064","officialpcoops","2064"
"2065","scofro14","2065"
"2066","od2be2003","2066"
"2067","DCconnick","2067"
"2068","MattEngelbrecht","2068"
"2069","christinebpc","2069"
"2070","AlexSenchak","2070"
"2071","gailmmath","2071"
"2072","sdgarguilo","2072"
"2073","Astonvillausa","2073"
"2074","shikai590","2074"
"2075","qlyss8","2075"
"2076","ToddWalsh","2076"
"2077","trueceltsfan","2077"
"2078","JTMacrizzle","2078"
"2079","ptau","2079"
"2080","ASID_CEO","2080"
"2081","willyvideo","2081"
"2082","kklausser","2082"
"2083","OldMarks","2083"
"2084","dbmain","2084"
"2085","quade181","2085"
"2086","RohKapx1","2086"
"2087","Perisspiceladle","2087"
"2088","ThomasGutches","2088"
"2089","HeHaithMe","2089"
"2090","RhodseyM","2090"
"2091","zackintheusa","2091"
"2092","MGsoundguy","2092"
"2093","NikoMLB","2093"
"2094","greghei1","2094"
"2095","JackAcree","2095"
"2096","IrisSanchezCDE","2096"
"2097","ajhoekst","2097"
"2098","JeffPfeifer","2098"
"2099","prof_west","2099"
"2100","yentruok720","2100"
"2101","chrismackwpg","2101"
"2102","Kthrngllcksn","2102"
"2103","Boruch_1","2103"
"2104","sasharashid","2104"
"2105","MetinErtas06","2105"
"2106","Vic_Sutter","2106"
"2107","syndscu","2107"
"2108","lymanm8","2108"
"2109","LeeRose20","2109"
"2110","Thejetsetjulie","2110"
"2111","rsparno","2111"
"2112","JimTrotter_NFL","2112"
"2113","GYank","2113"
"2114","adler_edward","2114"
"2115","eriwn9","2115"
"2116","TammyJacksonEJ","2116"
"2117","SFWWflyfish","2117"
"2118","Max_Tau","2118"
"2119","Bhuvanasaurus","2119"
"2120","c9n0thing","2120"
"2121","BWithering","2121"
"2122","monotaga","2122"
"2123","Scotti","2123"
"2124","harris","2124"
"2125","karinafmanalo","2125"
"2126","OMGreller","2126"
"2127","thereal_SNL","2127"
"2128","jerry_eckerman","2128"
"2129","mfuld","2129"
"2130","lynchbieberfan","2130"
"2131","javadogs","2131"
"2132","1LovePT","2132"
"2133","katieaune","2133"
"2134","Wrigley_Kid","2134"
"2135","LocalKyle","2135"
"2136","Z_J_M_","2136"
"2137","jamescmcpherson","2137"
"2138","thedigitalken","2138"
"2139","Raretturner","2139"
"2140","barneykelley","2140"
"2141","grgortiz","2141"
"2142","AB44685998","2142"
"2143","Bevil_Sarah","2143"
"2144","michaelkearn","2144"
"2145","rabbijfranklin","2145"
"2146","bonvoyagedenise","2146"
"2147","JSHanselman","2147"
"2148","ShawnMMcCarthy","2148"
"2149","sheldoncharron","2149"
"2150","cleo_riley","2150"
"2151","WestlakeSarah","2151"
"2152","dexhandle","2152"
"2153","TravelRater","2153"
"2154","jabbs7","2154"
"2155","WeatherWes","2155"
"2156","jaciMugg","2156"
"2157","ColtSTaylor","2157"
"2158","TV2Frode","2158"
"2159","andtheretheygo","2159"
"2160","M_aggiee","2160"
"2161","jcatwood","2161"
"2162","Official_KTC","2162"
"2163","OwlyJulie","2163"
"2164","k8slo","2164"
"2165","sghertz","2165"
"2166","LarryLipschultz","2166"
"2167","ppetersky","2167"
"2168","NursesLeading","2168"
"2169","SpartanBishop","2169"
"2170","CombatBarbie318","2170"
"2171","EEMarone","2171"
"2172","leonefitz","2172"
"2173","Tony_Ciccolella","2173"
"2174","darrenw162","2174"
"2175","laurenaddell","2175"
"2176","MickGriffin","2176"
"2177","thebavers","2177"
"2178","tashtb","2178"
"2179","aircargoweek","2179"
"2180","SouthernYank34","2180"
"2181","BeTheBeat","2181"
"2182","halfmoonkiid_","2182"
"2183","747_380_1127","2183"
"2184","albertchatigny","2184"
"2185","TheRealDJAlaska","2185"
"2186","FlyerzBlog","2186"
"2187","roambeans","2187"
"2188","travellinghobby","2188"
"2189","CluelessTroll","2189"
"2190","melissaklurman","2190"
"2191","cristyg3","2191"
"2192","ImHursty","2192"
"2193","joeketz","2193"
"2194","MattBellingeri","2194"
"2195","laurasbrown5","2195"
"2196","MusseZam","2196"
"2197","kristaal4","2197"
"2198","JayarWalker","2198"
"2199","aroth725","2199"
"2200","Tgoody9","2200"
"2201","GregoryTheGr8","2201"
"2202","edraluk","2202"
"2203","ClaudiaStClair","2203"
"2204","richwinley","2204"
"2205","lynn_with_an_A","2205"
"2206","therealBruceK","2206"
"2207","coolingpie","2207"
"2208","peterdawe","2208"
"2209","christruncer","2209"
"2210","kateturner9","2210"
"2211","agrace001","2211"
"2212","ramsey","2212"
"2213","caphotographix","2213"
"2214","thunderbolt","2214"
"2215","michaelassenza","2215"
"2216","samsonola","2216"
"2217","PamSanghera","2217"
"2218","JennRanft","2218"
"2219","jmscull","2219"
"2220","mbbaker78","2220"
"2221","JCVersi","2221"
"2222","irenefromakovos","2222"
"2223","JackieFerrari3","2223"
"2224","uwbadger98","2224"
"2225","klappy440","2225"
"2226","sarahkorich","2226"
"2227","crushspread","2227"
"2228","andysiz","2228"
"2229","1MisterHandsome","2229"
"2230","legendjohn11","2230"
"2231","ShariKPalmer","2231"
"2232","ChooseJeremy","2232"
"2233","MitWinter40","2233"
"2234","b29j3","2234"
"2235","ReuvenN","2235"
"2236","HishamNYC","2236"
"2237","cbailey52","2237"
"2238","Co_Semie","2238"
"2239","_Ana_Paulina","2239"
"2240","bdognet","2240"
"2241","DanielBmxUs","2241"
"2242","SooyunChoi","2242"
"2243","jtor0713","2243"
"2244","Pat89339","2244"
"2245","mortgagejake","2245"
"2246","lhawthorn","2246"
"2247","dwjones712","2247"
"2248","Lucas_Wiseman","2248"
"2249","dudleywright","2249"
"2250","palmettoblossom","2250"
"2251","thodge77","2251"
"2252","TroopSwapWife","2252"
"2253","egspoony","2253"
"2254","rfogarty41","2254"
"2255","adamnoontime","2255"
"2256","SSest72","2256"
"2257","HeatherGabel","2257"
"2258","AndrewBarco1","2258"
"2259","lisakaysolomon","2259"
"2260","lisadalesandro","2260"
"2261","rsbluhm","2261"
"2262","karalynnholt","2262"
"2263","chadsmith","2263"
"2264","wendysue411","2264"
"2265","MKfella","2265"
"2266","chi_citygrl","2266"
"2267","gpalcher","2267"
"2268","giltweetsstuff","2268"
"2269","jimzito","2269"
"2270","qlabelle11","2270"
"2271","dustinbritton23","2271"
"2272","americanbudoma","2272"
"2273","gg8929","2273"
"2274","VisionRoij","2274"
"2275","boombaby55","2275"
"2276","dynamoben","2276"
"2277","super_marek","2277"
"2278","hdlytle","2278"
"2279","NaftuliPollak","2279"
"2280","MelodyKho","2280"
"2281","antoniocosta64","2281"
"2282","SurveysOnTheGo","2282"
"2283","CajunSQL","2283"
"2284","RLaPedis","2284"
"2285","bernardfparsons","2285"
"2286","dom_inic15","2286"
"2287","CanadianCowgirl","2287"
"2288","MoonSetGallery","2288"
"2289","postsecret","2289"
"2290","kmensah","2290"
"2291","sslluvsbooks","2291"
"2292","MatthewHendrian","2292"
"2293","lanceklug","2293"
"2294","mac8315","2294"
"2295","thesuesaga","2295"
"2296","VettedShopper","2296"
"2297","Unocrew224","2297"
"2298","Kustomers1st","2298"
"2299","KCousineau09","2299"
"2300","HamiltonSarah","2300"
"2301","RobPapa1","2301"
"2302","LizGaskins","2302"
"2303","mattman1964","2303"
"2304","Jamie_Fisher886","2304"
"2305","DC_Geoff","2305"
"2306","NozzeOro","2306"
"2307","applecor2","2307"
"2308","rizolltizide","2308"
"2309","Maslowchild","2309"
"2310","MeaganKristenC","2310"
"2311","jaypedde","2311"
"2312","Vinobuddha","2312"
"2313","joebarti","2313"
"2314","shaneadambecker","2314"
"2315","realmikesmith","2315"
"2316","madmcferrin","2316"
"2317","kristofurmac","2317"
"2318","RWMann","2318"
"2319","raedenez","2319"
"2320","DGomezPearlberg","2320"
"2321","TexanHollie","2321"
"2322","jmacie3","2322"
"2323","MBinMD","2323"
"2324","conlach","2324"
"2325","jupiterjpr","2325"
"2326","elliotg9","2326"
"2327","catmaxed","2327"
"2328","joelraronoff","2328"
"2329","sarahrib","2329"
"2330","ms06883","2330"
"2331","alecearush","2331"
"2332","pbralick","2332"
"2333","rjewry","2333"
"2334","fshubert","2334"
"2335","courtneymjay","2335"
"2336","jholowka","2336"
"2337","MsDMichelle","2337"
"2338","TuraPeter","2338"
"2339","JenSpnSuperstar","2339"
"2340","jrrodrig57","2340"
"2341","aries83861","2341"
"2342","rakerr","2342"
"2343","BlueOceanTweets","2343"
"2344","brenttaylor","2344"
"2345","Trizzy412","2345"
"2346","Aeisinger","2346"
"2347","rajuchinthala","2347"
"2348","stephbahnie","2348"
"2349","BhutanOrient","2349"
"2350","shannonhannon","2350"
"2351","SeanHerwaldt","2351"
"2352","jsumiyasu","2352"
"2353","MiKasuga","2353"
"2354","meracross","2354"
"2355","napsareforkids","2355"
"2356","mchooyah","2356"
"2357","alvintylaw","2357"
"2358","richardkerris","2358"
"2359","kat_volk","2359"
"2360","TheSapphireLife","2360"
"2361","OHaraAmber","2361"
"2362","lauralscott","2362"
"2363","rachaeldoyle21","2363"
"2364","wackydunks","2364"
"2365","scherzva","2365"
"2366","AsianAdidasGirl","2366"
"2367","hannahtorney","2367"
"2368","gwaki","2368"
"2369","DBsViewOnThings","2369"
"2370","markhlyon","2370"
"2371","feliciastoler","2371"
"2372","CRomerDome","2372"
"2373","brenduch","2373"
"2374","CPoutloud","2374"
"2375","thisradlove","2375"
"2376","tomcblock","2376"
"2377","cindyjwhitaker","2377"
"2378","liveseasoned","2378"
"2379","Tim535353","2379"
"2380","tonybrancato","2380"
"2381","KellDuckKan","2381"
"2382","tylerhansen331","2382"
"2383","Shpressyourself","2383"
"2384","brittanylinnes","2384"
"2385","ryanshaw100","2385"
"2386","HaleyOstrander","2386"
"2387","tedm23","2387"
"2388","MarsalaHolla","2388"
"2389","NardosKing2","2389"
"2390","SaTxTechunter","2390"
"2391","PBI_Airport","2391"
"2392","frankplaza_","2392"
"2393","catjubs","2393"
"2394","Sarahtherower","2394"
"2395","PiersonStone","2395"
"2396","cheesensausage","2396"
"2397","Marc_Hoffman","2397"
"2398","NecroticDoctor","2398"
"2399","Heavenlychc9","2399"
"2400","crook_justin","2400"
"2401","unknownfilmaker","2401"
"2402","jparkermastin","2402"
"2403","MauriceRabb","2403"
"2404","briman007","2404"
"2405","JJBehrens","2405"
"2406","JReneeX0X0","2406"
"2407","jawswald","2407"
"2408","MnMwillmott","2408"
"2409","RebeccaKling","2409"
"2410","VolunteerLBK","2410"
"2411","slobotski","2411"
"2412","coromex97","2412"
"2413","kelsey_rae2011","2413"
"2414","srsable7290","2414"
"2415","SMiles1307","2415"
"2416","NinjaEpisode","2416"
"2417","michaelossa","2417"
"2418","SLCsRaddest","2418"
"2419","CTHUSTLEHARDER","2419"
"2420","bmorechi","2420"
"2421","NaLeih","2421"
"2422","tbranagh","2422"
"2423","MarlaDShepard","2423"
"2424","Singal3","2424"
"2425","ceoDanya","2425"
"2426","RealMaryAgnes","2426"
"2427","JBadnastythug","2427"
"2428","julia021685","2428"
"2429","ElaineBBfan","2429"
"2430","_missjoannalee","2430"
"2431","passthechorizo","2431"
"2432","byronics","2432"
"2433","Patobrien61","2433"
"2434","smcrissman","2434"
"2435","joelwg","2435"
"2436","gabehosler","2436"
"2437","SamDori4","2437"
"2438","island_girl4321","2438"
"2439","laurabogart14","2439"
"2440","ChefBillyParisi","2440"
"2441","longlive94","2441"
"2442","MichaelDes2015","2442"
"2443","joshkmm","2443"
"2444","user47","2444"
"2445","kdtwill","2445"
"2446","SNBalzac","2446"
"2447","jordan_mcflyy","2447"
"2448","ckramer","2448"
"2449","richstahl","2449"
"2450","Shan_Lyn","2450"
"2451","OBruce135","2451"
"2452","egbaboy","2452"
"2453","BoobzillaXXX","2453"
"2454","tmahal","2454"
"2455","skiiim21","2455"
"2456","JLPoeschl","2456"
"2457","Gian_Ricco","2457"
"2458","chrisharriscw","2458"
"2459","DelaneySchenk","2459"
"2460","PlatypusDBHunt","2460"
"2461","ScottnearSMF","2461"
"2462","chamtdi","2462"
"2463","TheMattCrane","2463"
"2464","TheBaltimoreOs","2464"
"2465","TheRandyHarbin","2465"
"2466","nerdguru","2466"
"2467","NicoleMEBump","2467"
"2468","pwalnuts1156","2468"
"2469","ashjshannon","2469"
"2470","jasonjwebb","2470"
"2471","quiltbabe","2471"
"2472","LifesATrip_","2472"
"2473","duneshadow","2473"
"2474","jlivingood","2474"
"2475","saysorrychris","2475"
"2476","RyanHanley_Com","2476"
"2477","michaelpscott37","2477"
"2478","osman_khan","2478"
"2479","rmgarrett3","2479"
"2480","Sez_Nez","2480"
"2481","Paulyjroberts","2481"
"2482","pjeffs","2482"
"2483","davidgoodson71","2483"
"2484","Scottyk1977","2484"
"2485","kcormier19","2485"
"2486","amymiller305","2486"
"2487","kaugie01","2487"
"2488","emayteeteej","2488"
"2489","PhoenixThis","2489"
"2490","JohnRDalton","2490"
"2491","LaRoseKayla","2491"
"2492","___the___","2492"
"2493","lcpnn","2493"
"2494","TravelDean","2494"
"2495","GabyOlya","2495"
"2496","racingchic247","2496"
"2497","john_heltemes","2497"
"2498","EDWINKONSEPT","2498"
"2499","ShomanWright","2499"
"2500","DaveyGrand","2500"
"2501","magmum03","2501"
"2502","MastoBabii","2502"
"2503","sammyboy405","2503"
"2504","mjb1994","2504"
"2505","itshosey","2505"
"2506","jenmedbery","2506"
"2507","kelios","2507"
"2508","funksway","2508"
"2509","Q2wo","2509"
"2510","mgkboone","2510"
"2511","yrbkmiketaylor","2511"
"2512","delshaffer","2512"
"2513","maximusKP","2513"
"2514","Jgrozalsky","2514"
"2515","smokinjimz","2515"
"2516","YALibLinds","2516"
"2517","sillyredn3k","2517"
"2518","Aubrey__Cyr","2518"
"2519","MauLoaIkaika73","2519"
"2520","NathanMichael07","2520"
"2521","Btrap897","2521"
"2522","NikkiDan96","2522"
"2523","HDsportsguy","2523"
"2524","enigma2a","2524"
"2525","mcgheelane","2525"
"2526","Pisces37inDC","2526"
"2527","subzero4534","2527"
"2528","maitreyibandla1","2528"
"2529","Drewscifer","2529"
"2530","EllenMalloy","2530"
"2531","RoaminTwin","2531"
"2532","JamesRoseFox4","2532"
"2533","cwolicki","2533"
"2534","amyflenard","2534"
"2535","ZulaPT","2535"
"2536","vchhith","2536"
"2537","FowlerDebra","2537"
"2538","mkaynee","2538"
"2539","m_panda_bear","2539"
"2540","ThWrex","2540"
"2541","sick_beat_swift","2541"
"2542","DrewDepo","2542"
"2543","toddntucker","2543"
"2544","cammj14","2544"
"2545","trselbrede","2545"
"2546","djplays","2546"
"2547","itspr1","2547"
"2548","momfluential","2548"
"2549","markjohnson319","2549"
"2550","MinderJoan","2550"
"2551","firefighter89","2551"
"2552","SharArnold","2552"
"2553","UpShootHort","2553"
"2554","WalterFaddoul","2554"
"2555","brookardi","2555"
"2556","brian_willie","2556"
"2557","simpsonVT","2557"
"2558","royvergara","2558"
"2559","goodchrism","2559"
"2560","steph82nichole","2560"
"2561","Soldier_Gomez","2561"
"2562","ProfessorpaUL15","2562"
"2563","portal_narlish","2563"
"2564","SportsDiva84","2564"
"2565","Pushmyn","2565"
"2566","rcymozart","2566"
"2567","seezulu","2567"
"2568","TGIAIMO","2568"
"2569","itsangieohyeah","2569"
"2570","Karlyle_Tomms","2570"
"2571","suzyyogi","2571"
"2572","pammpeterson","2572"
"2573","KatePatay","2573"
"2574","lajollamom","2574"
"2575","MelRiaCarLite","2575"
"2576","zupshawrl","2576"
"2577","Hustleran","2577"
"2578","mar_morine","2578"
"2579","CravenMorhead","2579"
"2580","djwrapcity","2580"
"2581","neens_5","2581"
"2582","levijunkert","2582"
"2583","snwrdr30","2583"
"2584","Felittle","2584"
"2585","Jimmis2001","2585"
"2586","DeniseMarois","2586"
"2587","oxanniekateox","2587"
"2588","MsGeekyTeach","2588"
"2589","RI_Mom","2589"
"2590","bushnelloptics","2590"
"2591","kitcat356","2591"
"2592","JuniperCari","2592"
"2593","arscolari","2593"
"2594","meredithrae1","2594"
"2595","sahandmirza","2595"
"2596","WhiteMule83","2596"
"2597","madisonisom","2597"
"2598","FactualRevolt","2598"
"2599","AnnCompton","2599"
"2600","littlemissjacob","2600"
"2601","embenardos","2601"
"2602","GolfTravelerBOS","2602"
"2603","grace_mcastro","2603"
"2604","LOLyssa25","2604"
"2605","CoachJEvans","2605"
"2606","jwmohon","2606"
"2607","rando921","2607"
"2608","m_rafano","2608"
"2609","kaityteer","2609"
"2610","TracyFacelli","2610"
"2611","shelton_heather","2611"
"2612","IUallie","2612"
"2613","flee787","2613"
"2614","mcmahon0074","2614"
"2615","bzjames","2615"
"2616","ClarkHerrington","2616"
"2617","sasc1","2617"
"2618","lauravelasquez","2618"
"2619","collaziano","2619"
"2620","imdar844","2620"
"2621","karasellswyo","2621"
"2622","gotkristopher","2622"
"2623","LenaRodGon","2623"
"2624","claywhittington","2624"
"2625","AayeBaby","2625"
"2626","DAmico_J","2626"
"2627","d_aghassi","2627"
"2628","Sara_Walsh","2628"
"2629","RenePhillips42","2629"
"2630","RenkCathy","2630"
"2631","erinbraxton","2631"
"2632","ShanRosenberg","2632"
"2633","LukeWyckoff","2633"
"2634","B_Mac87","2634"
"2635","alifriend","2635"
"2636","EASmith_","2636"
"2637","davidsawyerjr","2637"
"2638","laurenemiller11","2638"
"2639","Maya_Golden","2639"
"2640","lizStonewriter","2640"
"2641","michellehamm0nd","2641"
"2642","vovoci","2642"
"2643","LyonsBlitz0090","2643"
"2644","vangdfang","2644"
"2645","bjwellington","2645"
"2646","ClinicPolly","2646"
"2647","OrygunPride","2647"
"2648","Brianne_Sanchez","2648"
"2649","simundz","2649"
"2650","MightyFoxMusic","2650"
"2651","jennybeal","2651"
"2652","matthewebel","2652"
"2653","ucsigmachi","2653"
"2654","SaraAMartens","2654"
"2655","Loloemartin","2655"
"2656","FolfJay","2656"
"2657","ChrisSaysThis","2657"
"2658","jenwhooo","2658"
"2659","MikeViso","2659"
"2660","doecember28th","2660"
"2661","Matwork21","2661"
"2662","ChristinaTenti","2662"
"2663","nelsjeff","2663"
"2664","stilvester","2664"
"2665","Kateria_Nicole","2665"
"2666","gdm43pga","2666"
"2667","jameswbetts","2667"
"2668","charlesr99","2668"
"2669","DD_ATL","2669"
"2670","steve_holder","2670"
"2671","scoobydoo9749","2671"
"2672","geo3689","2672"
"2673","BitterEnd2013","2673"
"2674","Maleus21","2674"
"2675","erhone01","2675"
"2676","HAPPYGOLFPUG","2676"
"2677","ranmannokc","2677"
"2678","billysharp022","2678"
"2679","jhoblitt","2679"
"2680","hckystix","2680"
"2681","Immafun12","2681"
"2682","slemus12","2682"
"2683","hllgruber","2683"
"2684","ttowngolfgal","2684"
"2685","RyanMoore91","2685"
"2686","Ryguys0fly","2686"
"2687","Rhodabean10","2687"
"2688","intel_jim","2688"
"2689","Strangeluvcraft","2689"
"2690","Barbee72","2690"
"2691","RyanBeydler","2691"
"2692","wittmania","2692"
"2693","_ItsMeHollywood","2693"
"2694","johnmsanchez","2694"
"2695","WillBursch","2695"
"2696","bashomosko","2696"
"2697","SarahCalhoon","2697"
"2698","Court0711","2698"
"2699","mmcbride1007","2699"
"2700","zarrylarou","2700"
"2701","JaimeMHopkins","2701"
"2702","andrewhyde","2702"
"2703","karlwooldridge","2703"
"2704","GabiLieberman","2704"
"2705","avarietytea","2705"
"2706","CeeDeePee","2706"
"2707","timglomb","2707"
"2708","ginareidi","2708"
"2709","joekidd21","2709"
"2710","DavidTresch","2710"
"2711","JoeStew82","2711"
"2712","rwitte42","2712"
"2713","mchlsprr77","2713"
"2714","JoeCal94","2714"
"2715","UnstoppableMika","2715"
"2716","ciaobellaxoxo89","2716"
"2717","dandd53","2717"
"2718","ReneeLomas","2718"
"2719","drewgotts3","2719"
"2720","bmeshoulam","2720"
"2721","marlabainbridg1","2721"
"2722","RubberDomme","2722"
"2723","fancyfrancois","2723"
"2724","SharkNamedBruce","2724"
"2725","MsNamri","2725"
"2726","WalkerAdams1","2726"
"2727","horacioguapo","2727"
"2728","ShortyGorham","2728"
"2729","AdCarp87","2729"
"2730","DobarNik","2730"
"2731","redphroggy","2731"
"2732","momship510","2732"
"2733","happygirlvicki","2733"
"2734","KortneyTambara","2734"
"2735","wdmichael3","2735"
"2736","BradMcMorris","2736"
"2737","rzif","2737"
"2738","briandotcom","2738"
"2739","Zbm327","2739"
"2740","KatieRAir","2740"
"2741","r7lutt","2741"
"2742","cjgriede454","2742"
"2743","sammijoos","2743"
"2744","MNTmoney91","2744"
"2745","CarolynPerilli","2745"
"2746","heyashleyglad","2746"
"2747","_AmandaBrittney","2747"
"2748","TNVOLINFL","2748"
"2749","cjkoluch","2749"
"2750","tranwitte","2750"
"2751","defscott627","2751"
"2752","Chartchai1983","2752"
"2753","bdominguez7","2753"
"2754","RameyZafar","2754"
"2755","lot223","2755"
"2756","hirammrom","2756"
"2757","sheiladunagan","2757"
"2758","MrDockery_","2758"
"2759","csusanto","2759"
"2760","nblaschke","2760"
"2761","JCRU28","2761"
"2762","jpiercyttu","2762"
"2763","mmuller1","2763"
"2764","OneToughShark","2764"
"2765","lauraannB85","2765"
"2766","CommDocPA","2766"
"2767","dgackey","2767"
"2768","MarkMais","2768"
"2769","thaisayz","2769"
"2770","cvandivere","2770"
"2771","ScottSusman","2771"
"2772","FSXPlayer99","2772"
"2773","Jeffb2","2773"
"2774","k_wasie","2774"
"2775","T_Smooth87","2775"
"2776","rebaabq","2776"
"2777","arteriesrus","2777"
"2778","Ashishwadhwa9","2778"
"2779","attra_versiamo","2779"
"2780","Techno_Quaya","2780"
"2781","mikeslagle","2781"
"2782","CheyHoProblems","2782"
"2783","courtney_curley","2783"
"2784","ae4mcae","2784"
"2785","seve12345","2785"
"2786","cyndibrown327","2786"
"2787","AuGres_MI","2787"
"2788","masonsontwiter2","2788"
"2789","SamuelLSchultz","2789"
"2790","hustler4life_","2790"
"2791","marvokino","2791"
"2792","ColinHuntleyLA","2792"
"2793","LetCourtRun","2793"
"2794","soylentgs","2794"
"2795","KissesofGodiva","2795"
"2796","Ekanewilliams","2796"
"2797","cvalenzuelaSD","2797"
"2798","stephwalker78","2798"
"2799","thowelliv","2799"
"2800","RnCahill","2800"
"2801","kirsten_lana","2801"
"2802","katiefranci","2802"
"2803","emilymoffitt86","2803"
"2804","Doanthatsme","2804"
"2805","kesslerj24","2805"
"2806","NatassaCahill","2806"
"2807","Dablamo","2807"
"2808","jkhantivong29","2808"
"2809","G1GARRISON","2809"
"2810","kimwatsontanner","2810"
"2811","SBaskinEvents","2811"
"2812","NmJean05","2812"
"2813","TheAndyHolland","2813"
"2814","dflindzy_david","2814"
"2815","HybridMovementC","2815"
"2816","megmclaughlin","2816"
"2817","mrpearson3rd","2817"
"2818","lkreed66","2818"
"2819","BattleB_studios","2819"
"2820","JessicaTickle","2820"
"2821","MStudioFBA","2821"
"2822","leahrotella","2822"
"2823","hlirvine","2823"
"2824","tikidaisy","2824"
"2825","MysticlyClear","2825"
"2826","TheDarrenHickey","2826"
"2827","mcloeren","2827"
"2828","DigitalCK","2828"
"2829","marysilvadoctor","2829"
"2830","danihampton","2830"
"2831","EffremFGoodman","2831"
"2832","TacoDangerous","2832"
"2833","Jesswhy","2833"
"2834","adrianarebelo_","2834"
"2835","JoshuaWaldorf","2835"
"2836","dan_humboldt","2836"
"2837","RichardAWeber","2837"
"2838","SamPalazzolo","2838"
"2839","Kehrricane","2839"
"2840","PasstheJman","2840"
"2841","mightymolar","2841"
"2842","paydirt434","2842"
"2843","allie_kaji621","2843"
"2844","Shivener","2844"
"2845","justatinydragon","2845"
"2846","Million_Miler","2846"
"2847","kashnow","2847"
"2848","evitably","2848"
"2849","j_shands","2849"
"2850","destinyation","2850"
"2851","Deadeye82","2851"
"2852","iSocialFanz","2852"
"2853","richkadams","2853"
"2854","Kayyyyy_Jo","2854"
"2855","MarriedMariner","2855"
"2856","amybeckr","2856"
"2857","ThomasAXMyers","2857"
"2858","dirtytweetbacon","2858"
"2859","KyleSnyderZ","2859"
"2860","gotomaio","2860"
"2861","cjangla","2861"
"2862","clchev","2862"
"2863","naters88","2863"
"2864","AnthonyLambkin","2864"
"2865","jessi_goo","2865"
"2866","JustaThoughtR2","2866"
"2867","kristagermanis","2867"
"2868","purdom44","2868"
"2869","_crazdan","2869"
"2870","Late Flightncy","2870"
"2871","JayWogi","2871"
"2872","ReneJVega","2872"
"2873","Dricetea","2873"
"2874","JohnFMacky","2874"
"2875","nerisa1127","2875"
"2876","Tom_Fili","2876"
"2877","IrishRob95","2877"
"2878","aawray","2878"
"2879","mardigraschic","2879"
"2880","JoshYerdon","2880"
"2881","BratsyAnn","2881"
"2882","RizLakh","2882"
"2883","wabenews","2883"
"2884","kylemusserco","2884"
"2885","lnghurdoncurRIE","2885"
"2886","hippyminds","2886"
"2887","dennis__andrew","2887"
"2888","jenhunzing","2888"
"2889","amy__kristen","2889"
"2890","WesHartman01","2890"
"2891","Angela_Meyers","2891"
"2892","KMadson","2892"
"2893","hzidell","2893"
"2894","JohnSimonePhoto","2894"
"2895","JustinMHobbs","2895"
"2896","tlwbarnett","2896"
"2897","abrandt88","2897"
"2898","Firmadge","2898"
"2899","vancejason","2899"
"2900","enzo_the_baker","2900"
"2901","Diva_tobe","2901"
"2902","pasdexcuses","2902"
"2903","DavidTWalker","2903"
"2904","tbat08","2904"
"2905","Julienbrandt","2905"
"2906","relaxnsmile","2906"
"2907","CharlesJenkins7","2907"
"2908","kaylariley03","2908"
"2909","Lmpilson","2909"
"2910","portlandbridges","2910"
"2911","kaylaelainefox","2911"
"2912","parTAYwithBIER","2912"
"2913","opfree","2913"
"2914","offroad437km","2914"
"2915","MickeySnowflake","2915"
"2916","AmyKeefe","2916"
"2917","sammy_ike_blaze","2917"
"2918","mullane_michael","2918"
"2919","tyziniel","2919"
"2920","OrlandoVIPs","2920"
"2921","_JASSSYY","2921"
"2922","nusaiba","2922"
"2923","ke_gluth","2923"
"2924","bradtronic","2924"
"2925","asreese","2925"
"2926","AStempleimages","2926"
"2927","taylor_nacci","2927"
"2928","WOOKesq","2928"
"2929","CandiceThurrott","2929"
"2930","BK_ATX15","2930"
"2931","Sluggohill","2931"
"2932","reiokam","2932"
"2933","kolak_jason","2933"
"2934","DCBjr21","2934"
"2935","ASheldDPT","2935"
"2936","PeteGiovine","2936"
"2937","VinceEgan","2937"
"2938","Laughable_con","2938"
"2939","dcoadavon","2939"
"2940","scpetrel","2940"
"2941","bsjuts","2941"
"2942","FullMetalRock","2942"
"2943","BigSho31","2943"
"2944","puertotexan","2944"
"2945","Murocker","2945"
"2946","blindref19","2946"
"2947","DrShelleySFF","2947"
"2948","mollywynne","2948"
"2949","AhamayIkuzus","2949"
"2950","cleordz","2950"
"2951","JeremyLittau","2951"
"2952","sailorchick9705","2952"
"2953","walmartpimp19","2953"
"2954","jewboy__Q","2954"
"2955","ChristineFlores","2955"
"2956","stormecharette","2956"
"2957","gokben","2957"
"2958","SdubKatz","2958"
"2959","TiscarenoMark","2959"
"2960","AzeenaW","2960"
"2961","nealmo","2961"
"2962","like_a_toaster","2962"
"2963","TimothyJWMusic","2963"
"2964","Nicks_Ellas","2964"
"2965","AscendUTD","2965"
"2966","LWills305","2966"
"2967","LRBurbs","2967"
"2968","amy_ginsburg","2968"
"2969","chuxtina","2969"
"2970","Punkasswill","2970"
"2971","scunning16","2971"
"2972","sfmurray1950","2972"
"2973","desh9583","2973"
"2974","jvancequ","2974"
"2975","juicereddi","2975"
"2976","duhhhLilah","2976"
"2977","annemoriarity","2977"
"2978","MyGuitarSS","2978"
"2979","Shugnussy","2979"
"2980","suezquesteen","2980"
"2981","VenessaFaith","2981"
"2982","coreysexson","2982"
"2983","dragons_arelife","2983"
"2984","abbeymcole","2984"
"2985","darreneyster","2985"
"2986","mcleanrs","2986"
"2987","jamiemager","2987"
"2988","TheWaynePyle","2988"
"2989","heroestoheroes","2989"
"2990","BrysonJennings","2990"
"2991","SenseofFamily","2991"
"2992","hoffmanrich","2992"
"2993","inspiration4ppl","2993"
"2994","tbuccheri","2994"
"2995","RyanDuncanPT","2995"
"2996","Lozano_dc","2996"
"2997","AugmentReality_","2997"
"2998","polaroiddragons","2998"
"2999","AmberCraig","2999"
"3000","bokkagroup","3000"
"3001","DrMikeDevlin","3001"
"3002","tausdad","3002"
"3003","Raymance23","3003"
"3004","EflemmEric","3004"
"3005","LIMacArthur","3005"
"3006","delal","3006"
"3007","hamiltos777","3007"
"3008","YahooSchwab","3008"
"3009","Kbono91","3009"
"3010","jaheard1","3010"
"3011","HaleyKateB","3011"
"3012","jdbuller","3012"
"3013","jaretgordon","3013"
"3014","zslick99","3014"
"3015","lynnhambutler","3015"
"3016","TrishaBug72","3016"
"3017","SLCVeganista","3017"
"3018","Chris_5Thompson","3018"
"3019","NinaDESell","3019"
"3020","aroundsville","3020"
"3021","SouthwestAir","3021"
"3022","dillidalley","3022"
"3023","Tyler226","3023"
"3024","KyleFogg82","3024"
"3025","cbuswolf","3025"
"3026","nikkijbreeze","3026"
"3027","emilyalester","3027"
"3028","Al_Pedrique","3028"
"3029","sgodsay","3029"
"3030","iLoveMakados","3030"
"3031","johnpneedham","3031"
"3032","Coco__Bee","3032"
"3033","RCAther10","3033"
"3034","ChiefTimFitch","3034"
"3035","RomanMedia","3035"
"3036","ItsDTruth","3036"
"3037","Dnovs","3037"
"3038","aluapekank","3038"
"3039","bullman29","3039"
"3040","SebastianAC","3040"
"3041","Tweeter_mom_","3041"
"3042","Andieeejo","3042"
"3043","rutty1221","3043"
"3044","Jason_Penix","3044"
"3045","bgr1061","3045"
"3046","stacymichael14","3046"
"3047","__betrayal","3047"
"3048","jsanner2","3048"
"3049","AyoVix","3049"
"3050","itsEiBE","3050"
"3051","igdaloff","3051"
"3052","musiccargirl14","3052"
"3053","jmwait","3053"
"3054","mea80401","3054"
"3055","jlog211","3055"
"3056","MRCSDPatrick","3056"
"3057","ThePeachReview","3057"
"3058","jenicalindy","3058"
"3059","MateoL13","3059"
"3060","BavarianLin","3060"
"3061","amyvenezia","3061"
"3062","HDTeem","3062"
"3063","SBBurkeJewelry","3063"
"3064","michaelroselle","3064"
"3065","ray_ettel","3065"
"3066","kenziemarie92","3066"
"3067","vscof","3067"
"3068","SherzodGulamov","3068"
"3069","cpark_stories","3069"
"3070","Ben_Klamka","3070"
"3071","caesar_funch","3071"
"3072","KyleHarward","3072"
"3073","troyhorton","3073"
"3074","xscubascottiex","3074"
"3075","CCW4253","3075"
"3076","app_origins","3076"
"3077","JohnDePetroshow","3077"
"3078","GoKebo","3078"
"3079","jeffreyfields","3079"
"3080","BigMouthLogan","3080"
"3081","GRitchart","3081"
"3082","NicolePiering","3082"
"3083","perkeithc","3083"
"3084","Daniel_JDixon","3084"
"3085","DianeFerraro","3085"
"3086","therealcab","3086"
"3087","da_trufOU","3087"
"3088","pmiwanowicz","3088"
"3089","gdcookson14","3089"
"3090","jaindrops","3090"
"3091","cwgreiner","3091"
"3092","AmyBFree","3092"
"3093","loudgirl3611","3093"
"3094","MichaelOinJax","3094"
"3095","UnprovenTheory","3095"
"3096","alee317","3096"
"3097","SuccessHorizons","3097"
"3098","DuellAram","3098"
"3099","EmilySandvik","3099"
"3100","prakashksinha","3100"
"3101","slimbucks23","3101"
"3102","ERMaguire","3102"
"3103","dtinnel","3103"
"3104","aoofori","3104"
"3105","dizzleforizzle","3105"
"3106","Chris44j","3106"
"3107","gabb_b","3107"
"3108","chelseamcwillie","3108"
"3109","CallMeStanley7","3109"
"3110","SecularBoston","3110"
"3111","Tyler_Stotts","3111"
"3112","MichelleMSmart","3112"
"3113","RawTravelTV","3113"
"3114","svenki","3114"
"3115","BourbonBanter","3115"
"3116","MikeGarrettSTL","3116"
"3117","EveryonegoesIMD","3117"
"3118","215strongbul","3118"
"3119","BelovedDavida","3119"
"3120","courtneywalker","3120"
"3121","steph2118","3121"
"3122","juliendanny","3122"
"3123","SullyofAmes","3123"
"3124","ParkerBrown_","3124"
"3125","Elexis_Mariash","3125"
"3126","dreverose","3126"
"3127","hivethrive","3127"
"3128","saminalice","3128"
"3129","OneDNP","3129"
"3130","Julia_Pabst","3130"
"3131","chresko","3131"
"3132","mmillanjr","3132"
"3133","debbiejdangg","3133"
"3134","timiscorner","3134"
"3135","kinjalxkansara","3135"
"3136","cjmo0re","3136"
"3137","nbstartx","3137"
"3138","gregg_mccoy","3138"
"3139","PamR413","3139"
"3140","shankarpranam","3140"
"3141","Landon_ChaseTx","3141"
"3142","bridgesuite","3142"
"3143","John_Driver","3143"
"3144","ThomRegan","3144"
"3145","joecontaldo","3145"
"3146","jscottstubb","3146"
"3147","d4nigirl","3147"
"3148","PawncePuma","3148"
"3149","kurtmilne","3149"
"3150","Gumbogirl","3150"
"3151","susan_cary","3151"
"3152","terrifictoria","3152"
"3153","vanessamarie18_","3153"
"3154","4jlessad","3154"
"3155","nicoleschmied","3155"
"3156","kimibader","3156"
"3157","El_Cinco_Cinco","3157"
"3158","amandabalbert","3158"
"3159","LukeGUlrich","3159"
"3160","robfwtx","3160"
"3161","Bob_Dickson","3161"
"3162","AuthorKristina","3162"
"3163","MitchHamilton","3163"
"3164","pax7877","3164"
"3165","I_D_Girl","3165"
"3166","fishie1199","3166"
"3167","notebookgrail","3167"
"3168","Durgzy77","3168"
"3169","jessiebabbi","3169"
"3170","ken_randolph","3170"
"3171","KathyCoonan","3171"
"3172","TroyDWhite","3172"
"3173","NicoleAndreas","3173"
"3174","TheRealMzMack","3174"
"3175","marathongal8","3175"
"3176","amccarthy19","3176"
"3177","mcdaniem","3177"
"3178","fair_island","3178"
"3179","JimSolava","3179"
"3180","FuyukaiDesuYo","3180"
"3181","CeCeTheCeo","3181"
"3182","jnlerner","3182"
"3183","bodoughty","3183"
"3184","CVDCole","3184"
"3185","didieraur","3185"
"3186","mcyoung2","3186"
"3187","Runtt1","3187"
"3188","bjawalka","3188"
"3189","AllenSpencer5","3189"
"3190","rawbeeeen","3190"
"3191","StephenMW","3191"
"3192","dc816","3192"
"3193","jimsmithrn","3193"
"3194","mr_deals805","3194"
"3195","bluefig","3195"
"3196","GEOFFWOAD69","3196"
"3197","erin_christman","3197"
"3198","CaseGirl","3198"
"3199","chadlacalamita","3199"
"3200","NGottesman","3200"
"3201","tracy_edes","3201"
"3202","ChrisJLeary","3202"
"3203","JenniferWFox17","3203"
"3204","miamicocount","3204"
"3205","Jennsaint8","3205"
"3206","oliviaxfaye","3206"
"3207","sammi_jon3s","3207"
"3208","Joeanhalt","3208"
"3209","livvyports16","3209"
"3210","LyndaTCorrea","3210"
"3211","joyajackson_","3211"
"3212","mybadtequila","3212"
"3213","liberapertus","3213"
"3214","chemasilvaurban","3214"
"3215","createmarc","3215"
"3216","jodyfuller","3216"
"3217","JuliaMooch1","3217"
"3218","MsPersia","3218"
"3219","MyStyleVita","3219"
"3220","andiecrombie","3220"
"3221","Leahey09","3221"
"3222","EamonFI","3222"
"3223","kiwi_loves_you_","3223"
"3224","Claireculb","3224"
"3225","WaynePartello","3225"
"3226","amyums","3226"
"3227","seattlefordguy","3227"
"3228","mcgibbon_keith","3228"
"3229","SAMoore10","3229"
"3230","SantowDan","3230"
"3231","Mercer312","3231"
"3232","Normthompsonsr","3232"
"3233","JustinMeyerKC","3233"
"3234","patrickisarobot","3234"
"3235","LRC110979","3235"
"3236","christina_kuo","3236"
"3237","asianmegan","3237"
"3238","KierstinKrul","3238"
"3239","MattWalljasper","3239"
"3240","TeddyLyngaas","3240"
"3241","djknuckles","3241"
"3242","woman4lif","3242"
"3243","MehtaGoesMeta","3243"
"3244","pnutbuttrnjille","3244"
"3245","billyontherun","3245"
"3246","Mackenzie_RT","3246"
"3247","lichelle75","3247"
"3248","hwalsh22","3248"
"3249","TravelLeaders_","3249"
"3250","FaithGHubbard","3250"
"3251","mrc0421","3251"
"3252","sdkstl","3252"
"3253","JeffLGonzales","3253"
"3254","pkneis0414","3254"
"3255","_Aphmau_","3255"
"3256","capgaznews","3256"
"3257","MDGazette","3257"
"3258","fwmperkins","3258"
"3259","laurafall","3259"
"3260","jscherms","3260"
"3261","mwbhere","3261"
"3262","wclsc59","3262"
"3263","AplSosy","3263"
"3264","noli528","3264"
"3265","patsy_cruse","3265"
"3266","leavenodoubt131","3266"
"3267","msizzymarie","3267"
"3268","sincitycomedy","3268"
"3269","Megs701","3269"
"3270","Iluvfastracks","3270"
"3271","cbtatenstl","3271"
"3272","I_LuvMy_3Girls","3272"
"3273","ljordan","3273"
"3274","alycam","3274"
"3275","danieljsu","3275"
"3276","Seattle_D","3276"
"3277","Muirkat_23","3277"
"3278","jetringer5","3278"
"3279","CiaoBambino","3279"
"3280","saMykel","3280"
"3281","luoyegongfu","3281"
"3282","CSENOJ","3282"
"3283","ProShunks","3283"
"3284","ohshititsjake","3284"
"3285","itsjessme_","3285"
"3286","geekstiel","3286"
"3287","coltsgal88","3287"
"3288","parshooter321","3288"
"3289","Dragons_103","3289"
"3290","Vindictive_tK","3290"
"3291","_mighty_max_","3291"
"3292","DrKenRussell","3292"
"3293","Cindy318","3293"
"3294","Lil_Larso","3294"
"3295","Tinygami","3295"
"3296","pjfuller","3296"
"3297","LENSconcept","3297"
"3298","elms614","3298"
"3299","carlostopeca","3299"
"3300","Danehowell40","3300"
"3301","svssywentz","3301"
"3302","BCCoble","3302"
"3303","wagneraj","3303"
"3304","rebekahcancino","3304"
"3305","dealWHITit","3305"
"3306","Milwaukette","3306"
"3307","tracyannmanning","3307"
"3308","tradingtrainer","3308"
"3309","chuckgose","3309"
"3310","stilettoslife","3310"
"3311","LegendLeng","3311"
"3312","andylapin","3312"
"3313","birdman64015","3313"
"3314","Lb364","3314"
"3315","beefsnout","3315"
"3316","dman610_dave","3316"
"3317","butimvikki","3317"
"3318","derekbarney","3318"
"3319","Kay2run","3319"
"3320","kalenski","3320"
"3321","vdeshp2","3321"
"3322","freehighfives","3322"
"3323","JaylynCoffin","3323"
"3324","linkster93","3324"
"3325","Yaardiegurl","3325"
"3326","dotcomjohn","3326"
"3327","jdbwaffles","3327"
"3328","AdamLarsenn","3328"
"3329","HolguinAndy","3329"
"3330","ViroSciCollie","3330"
"3331","teachermohler","3331"
"3332","allymbeck","3332"
"3333","PeterSanto29","3333"
"3334","KojiFox","3334"
"3335","THlSICKBEAT","3335"
"3336","DSims3","3336"
"3337","JatinAShah","3337"
"3338","_YohoKa_","3338"
"3339","PlaneyJanie","3339"
"3340","collmac22","3340"
"3341","originalwecky","3341"
"3342","pwdersno","3342"
"3343","CalbynSevilla","3343"
"3344","MattChrisEd","3344"
"3345","newt_ripley","3345"
"3346","Karima_Hersi","3346"
"3347","julianguilfoyle","3347"
"3348","mrssuperdimmock","3348"
"3349","bhammock","3349"
"3350","iknowmatt2","3350"
"3351","johnpitzel","3351"
"3352","paindocsteve","3352"
"3353","bfitnbfab","3353"
"3354","kgLate Flightshow10","3354"
"3355","MySnobbyCX","3355"
"3356","Grime145","3356"
"3357","Salem_Eways","3357"
"3358","YavesEllis","3358"
"3359","NormaG348","3359"
"3360","CassandraWE","3360"
"3361","jolexa","3361"
"3362","abyrley","3362"
"3363","ksteinkamp","3363"
"3364","looselydraped","3364"
"3365","NickStewart140","3365"
"3366","John_Corl","3366"
"3367","CWiesmore","3367"
"3368","destryfields","3368"
"3369","walterbiscardi","3369"
"3370","hvroberts","3370"
"3371","MichaelALopezJr","3371"
"3372","AMiltx3","3372"
"3373","lillcheeks","3373"
"3374","DStein026","3374"
"3375","mikeroblescomic","3375"
"3376","AdrienneCorn","3376"
"3377","hwulczyn","3377"
"3378","martr152","3378"
"3379","bjpoppe","3379"
"3380","md11pilotms","3380"
"3381","RedArmyHooligan","3381"
"3382","scoutout","3382"
"3383","Traceyd14","3383"
"3384","jwfitz12","3384"
"3385","AgroEquipment","3385"
"3386","saianel","3386"
"3387","callmemrssachs","3387"
"3388","carleymine","3388"
"3389","timothy_hiatt","3389"
"3390","currentlyjoseph","3390"
"3391","shayhooke","3391"
"3392","pancho_joe","3392"
"3393","campnhike75","3393"
"3394","TheeSamSanders","3394"
"3395","TyMcNeely","3395"
"3396","Creative_Advant","3396"
"3397","JackieFromSpace","3397"
"3398","_troyjohnson","3398"
"3399","PLLMyObsessionn","3399"
"3400","WeebDaCat","3400"
"3401","rbethmann","3401"
"3402","MaryWallYall","3402"
"3403","stefughknee","3403"
"3404","DSauvinet","3404"
"3405","PeterQuintas","3405"
"3406","Annabelle439","3406"
"3407","DreSparkles","3407"
"3408","ladyaustin96","3408"
"3409","MikeWJZ","3409"
"3410","Erinopie","3410"
"3411","crescentcitylaw","3411"
"3412","LindseyCason","3412"
"3413","SamMurphy_17","3413"
"3414","krisnaturally","3414"
"3415","jbrauninger500","3415"
"3416","JoshWinkles","3416"
"3417","MixMasterDJSrv","3417"
"3418","MCarlucci","3418"
"3419","elisegraham","3419"
"3420","1KingMeech","3420"
"3421","damonvonn","3421"
"3422","Milenomics","3422"
"3423","funnyfellah","3423"
"3424","ravulapati","3424"
"3425","NieBee","3425"
"3426","blue_kap","3426"
"3427","kipster81","3427"
"3428","TkerVker","3428"
"3429","StevenRheaDelga","3429"
"3430","vizualpupil","3430"
"3431","dahriowonder","3431"
"3432","jaysonsperling","3432"
"3433","juliemiller1","3433"
"3434","thomasdcameron","3434"
"3435","TTpKP12","3435"
"3436","boscott73","3436"
"3437","pjarnold","3437"
"3438","jennihnp","3438"
"3439","bryceadvice","3439"
"3440","LVGully","3440"
"3441","vincentpowell","3441"
"3442","OhYouLanceyHuh","3442"
"3443","aaronaebie","3443"
"3444","CeceliaNBrady","3444"
"3445","heffery","3445"
"3446","Kbaiocchi","3446"
"3447","Bigtopher","3447"
"3448","streetsmartsmom","3448"
"3449","VictoriaJacobs","3449"
"3450","kavemankan94","3450"
"3451","X713","3451"
"3452","NYtoBalt","3452"
"3453","covika","3453"
"3454","dwitb","3454"
"3455","ohrebeca","3455"
"3456","TheLalaine","3456"
"3457","Jaaaarin","3457"
"3458","davedunlap","3458"
"3459","SupermanHopkins","3459"
"3460","kimmck64","3460"
"3461","jlittle100","3461"
"3462","erinpeep","3462"
"3463","TMP8622","3463"
"3464","katxc","3464"
"3465","KTmBoyle","3465"
"3466","erin_gilley","3466"
"3467","slaffere","3467"
"3468","NicholasJamz","3468"
"3469","iammmadeux","3469"
"3470","Omnicom","3470"
"3471","jjturlington","3471"
"3472","toscanoraul","3472"
"3473","rachael_rhanna","3473"
"3474","MsKrysia","3474"
"3475","wxmario","3475"
"3476","soopermarkus","3476"
"3477","gotschiavi","3477"
"3478","JessicaJNoble","3478"
"3479","segeorgeff","3479"
"3480","JulieMedia","3480"
"3481","BradLloydBrando","3481"
"3482","heatheralexis8","3482"
"3483","cigaradventures","3483"
"3484","JiggaJazzman","3484"
"3485","tripcentral","3485"
"3486","Autistikids","3486"
"3487","SamIam6915","3487"
"3488","JaxBeFit","3488"
"3489","akd209","3489"
"3490","HisBoots","3490"
"3491","Raasclaattt","3491"
"3492","mrsblack777","3492"
"3493","32432tee","3493"
"3494","Texas_Gil","3494"
"3495","TexasLawbook","3495"
"3496","cbigwater","3496"
"3497","bvincent","3497"
"3498","judesnews9222","3498"
"3499","KelliBruns","3499"
"3500","benamcswag","3500"
"3501","maxwellsantoro","3501"
"3502","thirty_lives","3502"
"3503","johnrouzaut2","3503"
"3504","KristinaThomp12","3504"
"3505","MJonTravel","3505"
"3506","thisnamerocks2","3506"
"3507","adnankussair","3507"
"3508","GregDyett","3508"
"3509","AudioAnnie","3509"
"3510","willhamlin","3510"
"3511","IamMeast","3511"
"3512","susie_easton","3512"
"3513","brycezapped","3513"
"3514","KennyBSAT","3514"
"3515","flappybirdisfun","3515"
"3516","mzona18","3516"
"3517","The_Real_INH","3517"
"3518","luxclark","3518"
"3519","Disney_luvver","3519"
"3520","BLUEnergyUSA","3520"
"3521","Fuzzyrussianman","3521"
"3522","TannerMiller11","3522"
"3523","bikermom46","3523"
"3524","George_Townn","3524"
"3525","a_lichtenfels","3525"
"3526","jwsoutha","3526"
"3527","DavidBLove","3527"
"3528","Harry_Bryan","3528"
"3529","AndreaCorkins","3529"
"3530","neelaybhatt","3530"
"3531","NumbersDnt_Lie","3531"
"3532","hoshizorin_","3532"
"3533","imjinnie","3533"
"3534","tarunsehgal1986","3534"
"3535","chelsiesedore","3535"
"3536","ransdell08","3536"
"3537","ale_lleal","3537"
"3538","sounddspainfull","3538"
"3539","kelly_bast","3539"
"3540","podunculus","3540"
"3541","KDFSmith","3541"
"3542","NuEarRich","3542"
"3543","travisgasper","3543"
"3544","frayoub","3544"
"3545","yancey_jake","3545"
"3546","scottmerkin","3546"
"3547","emshafer","3547"
"3548","aryehmon","3548"
"3549","lisalivingwell","3549"
"3550","sewmeup","3550"
"3551","azcindy38","3551"
"3552","imdancoop","3552"
"3553","l_miller91","3553"
"3554","SouthernBeau87","3554"
"3555","jpagano11","3555"
"3556","bsrubin","3556"
"3557","Galanthusn","3557"
"3558","alana_aro","3558"
"3559","Indyanna63","3559"
"3560","FNCNerd","3560"
"3561","JBlackwellAZ","3561"
"3562","MazJobrani","3562"
"3563","michaeljeffers","3563"
"3564","cosmicghoul","3564"
"3565","Mselite25","3565"
"3566","DaniMaguina","3566"
"3567","KatMRG","3567"
"3568","AshleighMo_","3568"
"3569","sdemuth","3569"
"3570","ericcox122685","3570"
"3571","mystudio54","3571"
"3572","armond_ealey","3572"
"3573","Armywives101","3573"
"3574","DcRealityPunch","3574"
"3575","syrahminush","3575"
"3576","wreckingchelsea","3576"
"3577","kjzukow","3577"
"3578","travelnube","3578"
"3579","Kaneshow","3579"
"3580","cindydchilds","3580"
"3581","Kat_Obser","3581"
"3582","2Hats1Mike","3582"
"3583","Val_Mack","3583"
"3584","joshuapromero","3584"
"3585","TifffyHuang","3585"
"3586","whofilets","3586"
"3587","3b80af5c98854be","3587"
"3588","dalyrt5","3588"
"3589","m_nimzzz","3589"
"3590","FMLBROOKLYN","3590"
"3591","CollingMedia","3591"
"3592","anne_laflamme","3592"
"3593","Shadowjin12","3593"
"3594","angiezemog","3594"
"3595","jillianhello","3595"
"3596","missyw2you","3596"
"3597","JDG1206","3597"
"3598","SarahFigge","3598"
"3599","ljwoodworth","3599"
"3600","Rickonia","3600"
"3601","rsalemania","3601"
"3602","Havilandweb","3602"
"3603","CheteraC","3603"
"3604","TedNguyen","3604"
"3605","jigisavegoqu","3605"
"3606","benfetch","3606"
"3607","natedlee","3607"
"3608","Brian_Fox","3608"
"3609","alexandrea_h","3609"
"3610","jwimpee","3610"
"3611","Neetz4","3611"
"3612","cj_deboer","3612"
"3613","hiii_itsme","3613"
"3614","DesertDealer","3614"
"3615","Mariextweets","3615"
"3616","Zachamon","3616"
"3617","girlnamednour","3617"
"3618","Imagine_Sloom","3618"
"3619","angeladoheny26","3619"
"3620","eliinthemiddle","3620"
"3621","JessikaKM","3621"
"3622","GlendaVee","3622"
"3623","DanaChristos","3623"
"3624","ejdicki","3624"
"3625","Charlie_L_Hall","3625"
"3626","BlockRahel","3626"
"3627","passworksio","3627"
"3628","jeparker232","3628"
"3629","DoctorFox007","3629"
"3630","roq0114","3630"
"3631","BobbiStorm","3631"
"3632","jdaniels1974","3632"
"3633","IamWiz4Life","3633"
"3634","suevannasing","3634"
"3635","DubTeed","3635"
"3636","kt_delaney","3636"
"3637","tlbbrown1957","3637"
"3638","brendanpshannon","3638"
"3639","DavidJAbramson","3639"
"3640","BryanAndaya","3640"
"3641","braadwise","3641"
"3642","N0O0O0O0O0O0","3642"
"3643","climbforee","3643"
"3644","OJ27Canelo","3644"
"3645","Nic_L_Wright","3645"
"3646","seanpetykowski","3646"
"3647","girlymum","3647"
"3648","taylor_brummett","3648"
"3649","BuckeyePatricia","3649"
"3650","TinaIsBack","3650"
"3651","babyluv590","3651"
"3652","dophin2009","3652"
"3653","oliviasdad1","3653"
"3654","LauraGina","3654"
"3655","thaterikperson","3655"
"3656","MFarrell21","3656"
"3657","MelvinLopezJr","3657"
"3658","_alexcabrera","3658"
"3659","kirkwoodtiger","3659"
"3660","VegasRenegade","3660"
"3661","gingypants","3661"
"3662","Elizabeethan","3662"
"3663","mxp908","3663"
"3664","jpmanterola","3664"
"3665","JoshPishPosh","3665"
"3666","COIAerospace","3666"
"3667","SuperB0wlTrophY","3667"
"3668","JacobZiegler","3668"
"3669","jaimegenova","3669"
"3670","SamanthaCaron","3670"
"3671","_dragon_fruit_","3671"
"3672","Nick_Astalos","3672"
"3673","DansBlueEyes","3673"
"3674","love_dragonss","3674"
"3675","JohnGillenwater","3675"
"3676","DeltaSegmentFly","3676"
"3677","emilyr1231234","3677"
"3678","StJudeEnergy","3678"
"3679","ERAU_CareerSvcs","3679"
"3680","Tarheelblue07","3680"
"3681","BraniffMoot","3681"
"3682","chelle_ecoed","3682"
"3683","blakeherpeche","3683"
"3684","jade_boucher","3684"
"3685","cej1124","3685"
"3686","bgawilson","3686"
"3687","aleczopf","3687"
"3688","ChrisWinn211","3688"
"3689","luvthispayne","3689"
"3690","VibrantGene","3690"
"3691","scatignani","3691"
"3692","SYLFUS","3692"
"3693","sms0823","3693"
"3694","dfwtower","3694"
"3695","PaytonTaylor129","3695"
"3696","DrewTuckerDPT","3696"
"3697","hchou","3697"
"3698","JeanmeF","3698"
"3699","ReallyViki","3699"
"3700","foofiter","3700"
"3701","jilldhandy","3701"
"3702","hollyharrisUSA","3702"
"3703","DeltaPoints","3703"
"3704","cassidychiarito","3704"
"3705","akeeton31","3705"
"3706","Gabriel_Wren","3706"
"3707","benjikuriakose","3707"
"3708","AndreaPark20","3708"
"3709","kd35ftw1","3709"
"3710","CourtSnod","3710"
"3711","malimettt","3711"
"3712","oldrelic007","3712"
"3713","CaptPat48","3713"
"3714","torithompson13","3714"
"3715","Ardor_Creative","3715"
"3716","hil_billy","3716"
"3717","cwsnodgras21","3717"
"3718","lesleemitchell","3718"
"3719","jenharristmc","3719"
"3720","ebennettr","3720"
"3721","MikeLeners","3721"
"3722","OrlaandoCondee","3722"
"3723","nick_manfredi","3723"
"3724","Georga46","3724"
"3725","musgrel","3725"
"3726","kramie_aimer","3726"
"3727","walnut_head","3727"
"3728","icehousepenguin","3728"
"3729","ColeyGirouard","3729"
"3730","waltacooks","3730"
"3731","rgritt","3731"
"3732","Windslid3r","3732"
"3733","BenWGarton","3733"
"3734","AudgePodgerson","3734"
"3735","BlueHighwayAdv","3735"
"3736","nicolebass12","3736"
"3737","c_m_drummond","3737"
"3738","SunshineAlways1","3738"
"3739","Lionheart_Lisa","3739"
"3740","brookem","3740"
"3741","diamuarch","3741"
"3742","Laulipop517","3742"
"3743","librarymommy","3743"
"3744","ifucsam","3744"
"3745","GUbball05","3745"
"3746","nickcaps3","3746"
"3747","MikiLuJames","3747"
"3748","TStorm_Warning","3748"
"3749","skibowlruler","3749"
"3750","life_as_lane","3750"
"3751","PCDan76","3751"
"3752","feetsanity","3752"
"3753","b_jell27","3753"
"3754","gmckevitt112","3754"
"3755","tracylegel","3755"
"3756","dominoeffect01","3756"
"3757","tomhsu4","3757"
"3758","BmoreSmurf","3758"
"3759","kevin_blank74","3759"
"3760","capejasuhoxa","3760"
"3761","ZacDeFran","3761"
"3762","da_kr","3762"
"3763","JustJonnE","3763"
"3764","joycarmody","3764"
"3765","boudecia7","3765"
"3766","craigthall","3766"
"3767","DubCook","3767"
"3768","JacobNantz","3768"
"3769","_MulaZoe","3769"
"3770","JavaySharane","3770"
"3771","NLPaquet","3771"
"3772","1malindac","3772"
"3773","cassiegage","3773"
"3774","Capt_Smirk","3774"
"3775","Foxycleo13","3775"
"3776","iBHoody","3776"
"3777","DebMoshier","3777"
"3778","narrysslippers","3778"
"3779","iGarryC","3779"
"3780","AshleyMarie_TIU","3780"
"3781","beccalauren2011","3781"
"3782","TJGoertz","3782"
"3783","bobbyjsav","3783"
"3784","Frankie_Moulton","3784"
"3785","Rusty_Lewis","3785"
"3786","TRomano22","3786"
"3787","JennOlsen7","3787"
"3788","scottglass70","3788"
"3789","jonshell","3789"
"3790","TravelWithSuze","3790"
"3791","TaeMadden","3791"
"3792","JoyHaynes","3792"
"3793","nmillerche","3793"
"3794","ursonate","3794"
"3795","lablakeh","3795"
"3796","jjenreich","3796"
"3797","MeredithAdams23","3797"
"3798","bfree007","3798"
"3799","poisonpill76","3799"
"3800","floridacarolina","3800"
"3801","lucky_dawg7","3801"
"3802","pjta22one","3802"
"3803","thnk2x","3803"
"3804","pet1713","3804"
"3805","swood40","3805"
"3806","chi_ab","3806"
"3807","Cody_Butler","3807"
"3808","cjc925","3808"
"3809","ishboo3002","3809"
"3810","andresjuarezlop","3810"
"3811","DecembriaDawn","3811"
"3812","kyddsr","3812"
"3813","GTCrudeOil","3813"
"3814","ms__amandaaa","3814"
"3815","SimonOh","3815"
"3816","sjcourson","3816"
"3817","justjananicole","3817"
"3818","HannaPioske","3818"
"3819","brentreichert","3819"
"3820","Its_Afton","3820"
"3821","melilam","3821"
"3822","DascenzoFan","3822"
"3823","nujoud","3823"
"3824","Owen091612","3824"
"3825","Faultie","3825"
"3826","EAdamshick","3826"
"3827","gitmo234","3827"
"3828","Mak3my_Dae","3828"
"3829","savitz","3829"
"3830","atxgirlmali","3830"
"3831","BenSnider12","3831"
"3832","MaryPietrzyk","3832"
"3833","annapolitx","3833"
"3834","famousswan","3834"
"3835","ginnyrajnes","3835"
"3836","andersonmindy","3836"
"3837","FoxyShred","3837"
"3838","ashliewhite","3838"
"3839","4starcashier","3839"
"3840","M_RoyceWilliams","3840"
"3841","Jewelzz_","3841"
"3842","elianak27","3842"
"3843","OnyxMediagroup1","3843"
"3844","DawnElisabeth16","3844"
"3845","alixomitz","3845"
"3846","KentScheidegger","3846"
"3847","bendayhoe","3847"
"3848","wicon81","3848"
"3849","DurkDiggler8810","3849"
"3850","bradykent","3850"
"3851","Robyn_McD","3851"
"3852","kevallen53","3852"
"3853","caralageson","3853"
"3854","VahidESQ","3854"
"3855","PRobino","3855"
"3856","mandapants1013","3856"
"3857","smckenna719","3857"
"3858","MatthewJLeBlanc","3858"
"3859","simply_unique11","3859"
"3860","bdhatch1","3860"
"3861","patpohler","3861"
"3862","TomVH","3862"
"3863","bebeabramson","3863"
"3864","Gomeziz","3864"
"3865","realMattHolt","3865"
"3866","joshgrider","3866"
"3867","leahennessy","3867"
"3868","RBrandtPhoto","3868"
"3869","clarelanusse","3869"
"3870","jwgonsalves","3870"
"3871","fleur_de_chic","3871"
"3872","Grae_Drake","3872"
"3873","DebMannRN","3873"
"3874","andresecarvallo","3874"
"3875","alysonphoto","3875"
"3876","amyegoley","3876"
"3877","RPChewington","3877"
"3878","laura_ying","3878"
"3879","mrs_laurelanne","3879"
"3880","philipasteen","3880"
"3881","caffiend","3881"
"3882","colorsflashing6","3882"
"3883","paigelarae","3883"
"3884","rwcrampton","3884"
"3885","The_Chellers","3885"
"3886","maitlande","3886"
"3887","Masterpeacefull","3887"
"3888","LedPinkCloudz","3888"
"3889","Michael_Stirrat","3889"
"3890","mrshossruns","3890"
"3891","dallendoug","3891"
"3892","jonw4570","3892"
"3893","RobinDamato","3893"
"3894","justinmcintosh","3894"
"3895","StarkTTT","3895"
"3896","BernhardtJH","3896"
"3897","JosephGruber","3897"
"3898","deantak","3898"
"3899","JaleenaPosty","3899"
"3900","9ad16006a6014a6","3900"
"3901","CaliNigga62B","3901"
"3902","GameDaySweetie","3902"
"3903","susanpaint","3903"
"3904","DustinSoper","3904"
"3905","XTREMELYSERIOUS","3905"
"3906","taesaunt24","3906"
"3907","MzQdotFore","3907"
"3908","asepopo","3908"
"3909","harrngtn","3909"
"3910","aaronkivett","3910"
"3911","joepalko","3911"
"3912","Bkloomer","3912"
"3913","clements221","3913"
"3914","DaxJeter","3914"
"3915","etachoir","3915"
"3916","AirTraffic101","3916"
"3917","kforbriger","3917"
"3918","JimmyCarrigan85","3918"
"3919","KatieAmmon","3919"
"3920","andicrawford","3920"
"3921","chaseagiles","3921"
"3922","81FSUnole","3922"
"3923","MrDavidLombardi","3923"
"3924","laurenproberts","3924"
"3925","JasenVinlove","3925"
"3926","KayyRahh_xo","3926"
"3927","Loley9","3927"
"3928","iBrianWeaver","3928"
"3929","challemann","3929"
"3930","theokatzman","3930"
"3931","mal0877","3931"
"3932","blackrivervaper","3932"
"3933","elliemybellie","3933"
"3934","eguroff","3934"
"3935","matthewhyah","3935"
"3936","onestitchshort","3936"
"3937","SkySmiles737","3937"
"3938","jcfly123","3938"
"3939","city2countryTN","3939"
"3940","RichieGlod","3940"
"3941","tonyapoe","3941"
"3942","faithfabulous","3942"
"3943","spstpierre","3943"
"3944","christooma","3944"
"3945","dontbhave","3945"
"3946","misskennedys","3946"
"3947","ClaudddiaVS","3947"
"3948","momof43s","3948"
"3949","kristaallison28","3949"
"3950","RachFee","3950"
"3951","portugrad","3951"
"3952","MyMissus","3952"
"3953","PorterHaney","3953"
"3954","kukalong","3954"
"3955","CBSsoxfan","3955"
"3956","Raven_TheGreat","3956"
"3957","lucasdavidson","3957"
"3958","MMKuderka","3958"
"3959","WorkingWify","3959"
"3960","followkashyap","3960"
"3961","rjp1208","3961"
"3962","jaxbra","3962"
"3963","Oneladyyouadore","3963"
"3964","culinarymindz","3964"
"3965","kbosspotter","3965"
"3966","heyheyman","3966"
"3967","erinkphares","3967"
"3968","chuck_martin","3968"
"3969","Marty_H","3969"
"3970","johnfmartin67","3970"
"3971","Sujecuevas19","3971"
"3972","tahlia_simpson","3972"
"3973","muneca641","3973"
"3974","theREAL_Tiffany","3974"
"3975","miss_caitb","3975"
"3976","_carolion","3976"
"3977","MmmRubin","3977"
"3978","Fendog75","3978"
"3979","DaniP0915","3979"
"3980","lizgottbrecht","3980"
"3981","cmcook","3981"
"3982","Arevans87","3982"
"3983","YvonneTrimble","3983"
"3984","AndrewGresenz","3984"
"3985","MattHaze","3985"
"3986","ch00bee","3986"
"3987","leezbtv","3987"
"3988","Sanr1ck","3988"
"3989","markmacg1","3989"
"3990","terrybrokebad","3990"
"3991","b_econ","3991"
"3992","peterfransson","3992"
"3993","JasonBXNY0619","3993"
"3994","tumblehawk","3994"
"3995","Kristenrx5150","3995"
"3996","Ruth_Slobodin","3996"
"3997","NENAFL","3997"
"3998","ArdensMommy","3998"
"3999","PaulParz","3999"
"4000","gabs_tweets","4000"
"4001","jdlessard13","4001"
"4002","blckblakelively","4002"
"4003","E_Nice718","4003"
"4004","BlackeyeBandit","4004"
"4005","nokidhungry","4005"
"4006","lalunkee","4006"
"4007","JME23","4007"
"4008","_blktray","4008"
"4009","scojjac","4009"
"4010","NBucketTV","4010"
"4011","nolimitlove","4011"
"4012","texdoh","4012"
"4013","JohnJJSmith","4013"
"4014","thedaniburden","4014"
"4015","tonetone28","4015"
"4016","AStateOfSnark","4016"
"4017","MikeSmithMedia","4017"
"4018","MaryCallaRowan","4018"
"4019","elias_rubin","4019"
"4020","sflcn","4020"
"4021","jannasaurusrex","4021"
"4022","SarahEH255","4022"
"4023","Chewie240","4023"
"4024","deniseimperial","4024"
"4025","geoffkeegan","4025"
"4026","PilotFresh","4026"
"4027","brandyanncakes","4027"
"4028","rkflyga","4028"
"4029","joahspearman","4029"
"4030","skenniston","4030"
"4031","kerifischer","4031"
"4032","peteiuvara","4032"
"4033","BonnieBitchh","4033"
"4034","Ledermuller","4034"
"4035","djcheros","4035"
"4036","marcmansfield","4036"
"4037","BigDdaBasedLord","4037"
"4038","don_bangs","4038"
"4039","KnockoutOC","4039"
"4040","williamzitser","4040"
"4041","mOnKofficial","4041"
"4042","sunflwer1975","4042"
"4043","MarkGuerra3","4043"
"4044","empiricalco","4044"
"4045","emooreme","4045"
"4046","thereal_edwin","4046"
"4047","DarthVada_R2D2","4047"
"4048","williampseymour","4048"
"4049","JoeDavis913","4049"
"4050","jennielin","4050"
"4051","MariaZarkadas","4051"
"4052","DatingRev","4052"
"4053","ms_janedough","4053"
"4054","LongBeachPost","4054"
"4055","borywrites","4055"
"4056","sharkb8t","4056"
"4057","CougSID","4057"
"4058","carolinerkenny","4058"
"4059","therichardkirby","4059"
"4060","RogerSaintange","4060"
"4061","twice_sifted","4061"
"4062","junglejimboston","4062"
"4063","RobertPiacente","4063"
"4064","babasnooker","4064"
"4065","4TONEMENT","4065"
"4066","MCoveteur","4066"
"4067","2emmyz","4067"
"4068","bostongarden","4068"
"4069","PaleoMezzo","4069"
"4070","jenniferbunni","4070"
"4071","mmhmmgirl","4071"
"4072","sicula","4072"
"4073","Lets86it","4073"
"4074","MaxNoChain","4074"
"4075","hellotweety_","4075"
"4076","LethalHuxtable","4076"
"4077","DiscoLemonadeST","4077"
"4078","sassylangosta","4078"
"4079","redbaronfilms","4079"
"4080","rabonour","4080"
"4081","NewsTalkFm989","4081"
"4082","AritheGenius","4082"
"4083","TheMax981","4083"
"4084","gabrielabarkho","4084"
"4085","eragonbooklover","4085"
"4086","KvnLawrence11","4086"
"4087","DarrelTranscode","4087"
"4088","BritishAirNews","4088"
"4089","MALTSCHLITZMANN","4089"
"4090","DCBein","4090"
"4091","ernest_borg9","4091"
"4092","brittanylevine","4092"
"4093","ModernDayGatsby","4093"
"4094","mikeEfresh_","4094"
"4095","MrDarqCloud","4095"
"4096","dnvnbirch26","4096"
"4097","ericathib","4097"
"4098","marteeeny12","4098"
"4099","paradeinpink","4099"
"4100","Redray18","4100"
"4101","carlos2316","4101"
"4102","sixfortheroad","4102"
"4103","todayfeelsgood","4103"
"4104","BKWIL","4104"
"4105","Invxsxble_Bxlly","4105"
"4106","Juliacsk","4106"
"4107","makzaynugget","4107"
"4108","DoubleBox","4108"
"4109","TB12FAN","4109"
"4110","blaaksuedepumps","4110"
"4111","geeseNquackers","4111"
"4112","TylerNarducci_","4112"
"4113","jerome_marie","4113"
"4114","iGoAtNecks","4114"
"4115","TorriNichelle","4115"
"4116","soulfullypoetic","4116"
"4117","Kameo_12","4117"
"4118","fash_geek","4118"
"4119","Alovepoet","4119"
"4120","NaijaMane","4120"
"4121","10Eshaa","4121"
"4122","Bergyonce","4122"
"4123","jennijelsing","4123"
"4124","krystlemark","4124"
"4125","kevingrout","4125"
"4126","DillonJaden","4126"
"4127","nickj1399","4127"
"4128","ChristianJPerez","4128"
"4129","Frenchie_dlaz","4129"
"4130","UAKShine","4130"
"4131","nnimrodd","4131"
"4132","Ptesher5","4132"
"4133","AsthmaticNympho","4133"
"4134","OhGreat_Aldana","4134"
"4135","dslreyes","4135"
"4136","FeelinFahad","4136"
"4137","EmilyTetreault","4137"
"4138","princesslynessa","4138"
"4139","woodywhitehurst","4139"
"4140","iheartileshia","4140"
"4141","Paul_Bautista","4141"
"4142","NerdyWonka","4142"
"4143","brittneythebee","4143"
"4144","WINEcoloredKISS","4144"
"4145","MizzCandy09","4145"
"4146","PeterSGreenberg","4146"
"4147","AbeFroman","4147"
"4148","YoungChipotle","4148"
"4149","Baldeebynature","4149"
"4150","chamonille","4150"
"4151","BLMC88","4151"
"4152","NinjaNik","4152"
"4153","BreezyAintEZ","4153"
"4154","swingkennedy","4154"
"4155","akaTrig","4155"
"4156","BenDiesAtTheEnd","4156"
"4157","GRIFFthePIFF","4157"
"4158","kileyywill","4158"
"4159","DjRookieBear","4159"
"4160","imavip","4160"
"4161","DarrenMcsadden","4161"
"4162","_LadyCEO_","4162"
"4163","JohnnyAime","4163"
"4164","BuayMeetsWorld","4164"
"4165","CantBeJohn","4165"
"4166","VisualQue","4166"
"4167","Austin_C_Lewis","4167"
"4168","Milkman__Dead","4168"
"4169","patricklundy","4169"
"4170","yungmetropcs","4170"
"4171","MrYoungScholar","4171"
"4172","TaocHoddock","4172"
"4173","mdattaro","4173"
"4174","iii_am_mee","4174"
"4175","maatkare67","4175"
"4176","Pay_Olaa","4176"
"4177","SeanUppercut","4177"
"4178","kelving525","4178"
"4179","HalcyonFatou","4179"
"4180","JeremyVCruz","4180"
"4181","Youdownwith_LNV","4181"
"4182","ohhnamrata","4182"
"4183","SupaDR3","4183"
"4184","TheFootPrince","4184"
"4185","ChuckDLC","4185"
"4186","LonSoCal","4186"
"4187","SuziCharmichael","4187"
"4188","Blacknificence","4188"
"4189","SkeezeeWonder","4189"
"4190","TheRealOx","4190"
"4191","JsLife23","4191"
"4192","khanman96","4192"
"4193","RascoePattie","4193"
"4194","Russ_FTW","4194"
"4195","findyaedges","4195"
"4196","twiterston","4196"
"4197","RissaMaeLynn","4197"
"4198","miss_smiley10","4198"
"4199","RBS2","4199"
"4200","DivineMinded","4200"
"4201","MelechT","4201"
"4202","Six8theGreat","4202"
"4203","Mz_Undrst00d","4203"
"4204","_averyjordan","4204"
"4205","thewhitneyyoung","4205"
"4206","kenyaaroy","4206"
"4207","holadamilola","4207"
"4208","Deveous","4208"
"4209","AngBeTweetin","4209"
"4210","esrce_","4210"
"4211","LetMicahDown","4211"
"4212","uKnowMySteez","4212"
"4213","thewayoftheid","4213"
"4214","No_Cut_Card","4214"
"4215","SmokeeRobinson","4215"
"4216","apieceofkake","4216"
"4217","BoneyRoneyy","4217"
"4218","TheBuie","4218"
"4219","Chonwe3","4219"
"4220","BizTravelerNA","4220"
"4221","A_Geechi","4221"
"4222","liz_kantor","4222"
"4223","JohnRHealey","4223"
"4224","laurenmichele26","4224"
"4225","NellyyMichelle","4225"
"4226","Kid2Fresh","4226"
"4227","kimmeabreak24","4227"
"4228","tbechtx","4228"
"4229","jakeholla","4229"
"4230","ICVRUS","4230"
"4231","apostraphi","4231"
"4232","UptownKaY_120","4232"
"4233","rynblck","4233"
"4234","TatianaKing","4234"
"4235","Jonmicol","4235"
"4236","DeadstockNYC","4236"
"4237","MenkTheDon","4237"
"4238","Evie_izms","4238"
"4239","Malavayy","4239"
"4240","Jamers9000","4240"
"4241","MOJOxJOJO69","4241"
"4242","itsbae__","4242"
"4243","AdamNMayer","4243"
"4244","MilKsilk","4244"
"4245","Cpaul91","4245"
"4246","stro_b","4246"
"4247","DEdzJr","4247"
"4248","shakatron","4248"
"4249","StullaDaggera","4249"
"4250","macchiatoxblend","4250"
"4251","bjfrazier32","4251"
"4252","JoelRandell","4252"
"4253","LandryMD","4253"
"4254","GoBobbo","4254"
"4255","DrewLitavis","4255"
"4256","Runway1R","4256"
"4257","constrobuz","4257"
"4258","Swoosh163","4258"
"4259","EverCastro92","4259"
"4260","CheckMyMelodi","4260"
"4261","_JoelFB","4261"
"4262","joebe4rd","4262"
"4263","CITYCIGARLIFE","4263"
"4264","Kimberlee3000","4264"
"4265","howyouDUPEn","4265"
"4266","steplin","4266"
"4267","LeroyFunkdafied","4267"
"4268","M7SONIC","4268"
"4269","SexcCia","4269"
"4270","2AvSagas","4270"
"4271","ohsoordinary","4271"
"4272","jsstone75","4272"
"4273","CyntheaH","4273"
"4274","BXKloosive","4274"
"4275","BubbaLucius","4275"
"4276","Dweisblum","4276"
"4277","Dr_Dif","4277"
"4278","JamesMSama","4278"
"4279","TimothySays","4279"
"4280","KerryDang","4280"
"4281","Balhajji","4281"
"4282","stim8rinme","4282"
"4283","mne90","4283"
"4284","JETSETWorldTrvl","4284"
"4285","EricStrzepek","4285"
"4286","Fahrenheit350","4286"
"4287","MuttMedia","4287"
"4288","briantafel","4288"
"4289","maite_rodrgz","4289"
"4290","LindaRcampos","4290"
"4291","DaddyFiles","4291"
"4292","joespurr","4292"
"4293","tonymbove","4293"
"4294","Amanda_Healy","4294"
"4295","theprncssleia","4295"
"4296","hallekuszmar","4296"
"4297","beantoon","4297"
"4298","SL_024","4298"
"4299","michael_moonn","4299"
"4300","ctpeifer","4300"
"4301","KimMello3","4301"
"4302","thepeachmama","4302"
"4303","prillyp","4303"
"4304","Tay__Mc","4304"
"4305","TimLawson21","4305"
"4306","_PauLiNHa9","4306"
"4307","ManuelNT","4307"
"4308","rachelicha","4308"
"4309","JMace1","4309"
"4310","globalwriter1","4310"
"4311","S_RSnyder","4311"
"4312","arianneoo1991","4312"
"4313","chuxtapose","4313"
"4314","RosAnneZ111","4314"
"4315","Matt_Herrera415","4315"
"4316","schmanki","4316"
"4317","maykaynvwd","4317"
"4318","MrShea","4318"
"4319","mccormack_sean","4319"
"4320","castellarin1126","4320"
"4321","RajGoel_NY","4321"
"4322","jabeblanchard","4322"
"4323","TheMarkyMarq","4323"
"4324","WeChiefMusic","4324"
"4325","AdamJBerry","4325"
"4326","koenitweets","4326"
"4327","jessbutl","4327"
"4328","Scott66Ash","4328"
"4329","davisesq212","4329"
"4330","CamAsMyWitness","4330"
"4331","charlotteparler","4331"
"4332","lisandramaioli","4332"
"4333","jillianfitzger1","4333"
"4334","leighericam","4334"
"4335","HayesGirl_","4335"
"4336","calengerich","4336"
"4337","bonniebethburke","4337"
"4338","arthurhasher","4338"
"4339","BritC2","4339"
"4340","mariambueno","4340"
"4341","pdeverak","4341"
"4342","coolman13355","4342"
"4343","gregalprin","4343"
"4344","cbogie","4344"
"4345","dhp214","4345"
"4346","StephanieHC85","4346"
"4347","LuljetaTrupi","4347"
"4348","paulinceptor","4348"
"4349","AristidesPN","4349"
"4350","nooshies","4350"
"4351","Tee_peterson","4351"
"4352","Penguins_66","4352"
"4353","SaulFernandezS","4353"
"4354","twofishtacos","4354"
"4355","malbeckford","4355"
"4356","WyattTweets","4356"
"4357","joshmirm","4357"
"4358","shannonwoodward","4358"
"4359","JetBlue","4359"
"4360","TomNaro","4360"
"4361","aaronkinnari","4361"
"4362","zakkohane","4362"
"4363","scoremoresales","4363"
"4364","DaniellaS_Melo","4364"
"4365","FinleyBklynCFS","4365"
"4366","gpsomo","4366"
"4367","DJCASTANEDA","4367"
"4368","GinaMarie_F","4368"
"4369","raybomurphy","4369"
"4370","oggito17","4370"
"4371","Crimson_Zombie","4371"
"4372","thatjonparsons","4372"
"4373","SibleyStepsOut","4373"
"4374","rambinasaurus","4374"
"4375","AIMPortW","4375"
"4376","Tom_Constantin","4376"
"4377","ThatJasonEaton","4377"
"4378","amberfav","4378"
"4379","tomdalynh","4379"
"4380","BillChurchMedia","4380"
"4381","ericnax","4381"
"4382","TheEliad","4382"
"4383","JunkyardFiegs","4383"
"4384","volition","4384"
"4385","Ben_Harriton","4385"
"4386","WoodyLashen","4386"
"4387","ChrisDonahoe","4387"
"4388","BuffaloBI11","4388"
"4389","AlisonReynolds","4389"
"4390","TINKERBELLEadog","4390"
"4391","kfunk18","4391"
"4392","BernardLeCroix","4392"
"4393","spark911uk","4393"
"4394","Ketzirah","4394"
"4395","BASRMNN","4395"
"4396","HarmeetSM","4396"
"4397","ItsChristine_x","4397"
"4398","djchupy","4398"
"4399","libingobugle","4399"
"4400","stephane_vt","4400"
"4401","AuthorMarcClark","4401"
"4402","tyboooo314","4402"
"4403","OlivierGachot","4403"
"4404","hrudski","4404"
"4405","kessler","4405"
"4406","uzisuzi","4406"
"4407","emilybholan","4407"
"4408","canolibean","4408"
"4409","HaasMonte","4409"
"4410","BFarraye","4410"
"4411","PumaSF","4411"
"4412","SedaEvis","4412"
"4413","hugovzolano","4413"
"4414","artburkart","4414"
"4415","DonnellyVJ","4415"
"4416","SMHillman","4416"
"4417","Glodziegirl","4417"
"4418","yogadeals","4418"
"4419","Worldtravelure","4419"
"4420","2littlebirds","4420"
"4421","badcookieadvice","4421"
"4422","LAURACORDER0","4422"
"4423","jbs2886","4423"
"4424","LegionJosh","4424"
"4425","Perch1019","4425"
"4426","Setorii","4426"
"4427","NatalieMarry","4427"
"4428","AnisahMunruddin","4428"
"4429","nickrau_","4429"
"4430","SOBrien526","4430"
"4431","jackburke","4431"
"4432","KShay1985","4432"
"4433","RosieRHues","4433"
"4434","CookJaycook123","4434"
"4435","Amagrino","4435"
"4436","JaredLogan","4436"
"4437","sandyy889","4437"
"4438","BluTapes","4438"
"4439","emptynester25","4439"
"4440","nancyberman_","4440"
"4441","karaklenk","4441"
"4442","DrCraigKasper","4442"
"4443","wwewwf1982","4443"
"4444","calvinsavanna","4444"
"4445","KevinDwan","4445"
"4446","mtanji","4446"
"4447","MarcPBerger","4447"
"4448","sylvie75015","4448"
"4449","DPBakes","4449"
"4450","Luessen","4450"
"4451","TheGeoffHunt","4451"
"4452","burke_dori","4452"
"4453","tom_brant","4453"
"4454","jaynebwise","4454"
"4455","N_Brennan","4455"
"4456","MichaelRunfola","4456"
"4457","djkeating13","4457"
"4458","cshells4","4458"
"4459","shirabird","4459"
"4460","antbronxnyc","4460"
"4461","candygrrl2001","4461"
"4462","jjkend","4462"
"4463","ctohome1","4463"
"4464","TheBigEasy5889","4464"
"4465","SNS858585","4465"
"4466","OverTheEdge55","4466"
"4467","MegBurns","4467"
"4468","BannMen","4468"
"4469","MerrickRealtor","4469"
"4470","TIURach2014","4470"
"4471","tonytouch09","4471"
"4472","yoyijr","4472"
"4473","suek03","4473"
"4474","logantracey","4474"
"4475","tayeoman","4475"
"4476","MaverickEMT","4476"
"4477","logsoleary","4477"
"4478","MUANikkiMalcom","4478"
"4479","designer_helen","4479"
"4480","katieblanchb","4480"
"4481","JustinRosentha","4481"
"4482","rudinov","4482"
"4483","DestineMedia","4483"
"4484","ClassyMalick","4484"
"4485","Ryancotter82","4485"
"4486","willliu11","4486"
"4487","jrcoonley","4487"
"4488","EtihadNews","4488"
"4489","MrDaftPrawn","4489"
"4490","BookerWoodfox","4490"
"4491","AllisonWooster","4491"
"4492","skydivingblond","4492"
"4493","brycecollins123","4493"
"4494","karaackerman","4494"
"4495","si23vr858rb04","4495"
"4496","FirefighterGeek","4496"
"4497","FrancoIKU","4497"
"4498","dgruber1700","4498"
"4499","KON1200","4499"
"4500","JtRoP","4500"
"4501","GGouliak","4501"
"4502","MitFein","4502"
"4503","JummyTV","4503"
"4504","aliashmia","4504"
"4505","catiehorst","4505"
"4506","nonchalantCUNT","4506"
"4507","SpedAdvocates","4507"
"4508","Drzah_","4508"
"4509","laacyyy","4509"
"4510","AndrewATZ","4510"
"4511","courtneyx54","4511"
"4512","SusetteAG","4512"
"4513","dsgersten","4513"
"4514","1_7_8_0","4514"
"4515","comicshans","4515"
"4516","Margo221","4516"
"4517","MaliceDavericks","4517"
"4518","lorenbhollander","4518"
"4519","spaceracedjs","4519"
"4520","Torontonian5835","4520"
"4521","kaesavga","4521"
"4522","tarapall","4522"
"4523","Suzanne_BeDell","4523"
"4524","USairNews","4524"
"4525","MichaelBorakove","4525"
"4526","jsgerson","4526"
"4527","sbgblee","4527"
"4528","JessicaBurack","4528"
"4529","TomServosBlendr","4529"
"4530","Evecotto","4530"
"4531","camptips","4531"
"4532","geraldineledan","4532"
"4533","cricketandjoe","4533"
"4534","CMichaelGibson","4534"
"4535","rosenrj","4535"
"4536","erw12","4536"
"4537","NicoMancinelli","4537"
"4538","MichaelMontero","4538"
"4539","Marc_keting","4539"
"4540","FruminousB","4540"
"4541","delmo75","4541"
"4542","jojo929","4542"
"4543","PatricePinkFile","4543"
"4544","Markjeffries1","4544"
"4545","venkatesh_cr","4545"
"4546","PGAShowAndrew","4546"
"4547","CamiCorreaBal","4547"
"4548","RozFortuna","4548"
"4549","T5Sparrow","4549"
"4550","scrappiedoodle","4550"
"4551","SenatorA7","4551"
"4552","beachluvr104","4552"
"4553","Swindonsays","4553"
"4554","Southbeachpapi","4554"
"4555","Destructiff","4555"
"4556","ejhart6","4556"
"4557","joycefelixes","4557"
"4558","ItsLaLoca","4558"
"4559","Cau3cau3","4559"
"4560","xmorera","4560"
"4561","kaitlynrosati","4561"
"4562","Farehack","4562"
"4563","bizymom815","4563"
"4564","MTJaeckel","4564"
"4565","j_romaine","4565"
"4566","clementeworks","4566"
"4567","MarkWeprin","4567"
"4568","princessmarapao","4568"
"4569","EDTakeDown","4569"
"4570","jaredmooreski","4570"
"4571","onlyfordisplay_","4571"
"4572","thisismysound","4572"
"4573","RachelLCoppola","4573"
"4574","Amaznred","4574"
"4575","staceylking","4575"
"4576","domitilarodrig1","4576"
"4577","corinahe","4577"
"4578","RoyalVestige","4578"
"4579","alexlmichael","4579"
"4580","triniluv81","4580"
"4581","benjaminokeefe","4581"
"4582","Dress4YesConJax","4582"
"4583","Ajok81","4583"
"4584","JessBarbalato","4584"
"4585","mike_baskin","4585"
"4586","PilardelMaria","4586"
"4587","takenn54","4587"
"4588","KimSinanovic","4588"
"4589","kerrymflynn","4589"
"4590","AeroJobMarket","4590"
"4591","Michael_Lytle","4591"
"4592","Galapaghxst","4592"
"4593","mutantgatto","4593"
"4594","tammyterez","4594"
"4595","chelseylamwatt","4595"
"4596","mattwheeler","4596"
"4597","traciglee","4597"
"4598","jmoalmawali","4598"
"4599","thatsmypotpie","4599"
"4600","genna_campos","4600"
"4601","AMakuh","4601"
"4602","cindydavis_","4602"
"4603","KoolieAshSays","4603"
"4604","jcran72","4604"
"4605","LustyLovah","4605"
"4606","FerrisSalameh","4606"
"4607","TumbaSherman","4607"
"4608","corradokid","4608"
"4609","airtraffic01","4609"
"4610","joel_betances","4610"
"4611","DKHurts","4611"
"4612","farms122","4612"
"4613","tsmit","4613"
"4614","dlewis2412","4614"
"4615","KTrerotola","4615"
"4616","MadameMaryAnn","4616"
"4617","TraveLifeLove","4617"
"4618","innovatefitnow","4618"
"4619","BillyKace","4619"
"4620","Bones2245","4620"
"4621","SassmasterJosh","4621"
"4622","JordantheJew","4622"
"4623","misschris715","4623"
"4624","greggweiss","4624"
"4625","pseudomachine","4625"
"4626","hgeronemus","4626"
"4627","ChicoArtist","4627"
"4628","Laneit360","4628"
"4629","noplasticshower","4629"
"4630","barrystanbridge","4630"
"4631","andrewdobos","4631"
"4632","NicoleMarieNoel","4632"
"4633","HCtwo","4633"
"4634","Rowe0neTen","4634"
"4635","mkboston13","4635"
"4636","JNH_61","4636"
"4637","AroundTownGabby","4637"
"4638","CGjmf","4638"
"4639","timmybicicleta","4639"
"4640","NapToniusMonk","4640"
"4641","VegasKingpin","4641"
"4642","pveganmama","4642"
"4643","_stephanieejayy","4643"
"4644","KatieKane84","4644"
"4645","GuidanceGirlEm","4645"
"4646","ErinGambo","4646"
"4647","alixpeabody","4647"
"4648","Cav3rnicula","4648"
"4649","dwhitchcock","4649"
"4650","mhoffma8","4650"
"4651","OneikaTraveller","4651"
"4652","MomEsq10","4652"
"4653","heykaradoyle","4653"
"4654","narryyhemmings","4654"
"4655","mariobonifacio","4655"
"4656","yaffasolin","4656"
"4657","KaylaRose__","4657"
"4658","moneyries","4658"
"4659","JefferyAArnold","4659"
"4660","southxnortheast","4660"
"4661","HowDoesItSound","4661"
"4662","JSHKODNIK","4662"
"4663","lexinieds","4663"
"4664","islandershf","4664"
"4665","JPopsie","4665"
"4666","Wibbitz","4666"
"4667","laurafee","4667"
"4668","s_m_i","4668"
"4669","datminecraftboz","4669"
"4670","IFEnews","4670"
"4671","StacyCrossB6","4671"
"4672","SaharaSams","4672"
"4673","EMPRESSROOTSGAL","4673"
"4674","Cindy3015","4674"
"4675","BostonSwifty","4675"
"4676","Bkgirl_VSL","4676"
"4677","The_Radifier","4677"
"4678","anku","4678"
"4679","jmoumou1","4679"
"4680","bekahthornhill","4680"
"4681","mishy_mish","4681"
"4682","kyachtic","4682"
"4683","TyrellJourdanA","4683"
"4684","paupaucda","4684"
"4685","Aircrews","4685"
"4686","gloeb90","4686"
"4687","Rachelce2","4687"
"4688","CourtneyEastes","4688"
"4689","MichaelSadov","4689"
"4690","meadonmanhattan","4690"
"4691","MichelleAntunez","4691"
"4692","jakubsuchy","4692"
"4693","KBeckwithDane","4693"
"4694","alexandrawalshh","4694"
"4695","techcatalyst","4695"
"4696","ASSauLTxMasTER","4696"
"4697","Rachel_Lipson","4697"
"4698","dpcahoon","4698"
"4699","rfeeney11","4699"
"4700","stetsoninc","4700"
"4701","redsox223","4701"
"4702","AlanaMYzola","4702"
"4703","dentistmel","4703"
"4704","lunchforone","4704"
"4705","NickMarvalous","4705"
"4706","NYYash","4706"
"4707","tlrichmond","4707"
"4708","m1ss_DefJam","4708"
"4709","Ch1en1","4709"
"4710","VRogers218","4710"
"4711","DMenachery","4711"
"4712","iBEtwelve34","4712"
"4713","donnatoo61","4713"
"4714","M_Balt","4714"
"4715","jerodrig","4715"
"4716","WallNyc","4716"
"4717","BrendaPriddy","4717"
"4718","mjayeinstein","4718"
"4719","PelkeyKerrie","4719"
"4720","saltrejo","4720"
"4721","Brian_Genest","4721"
"4722","adatts33","4722"
"4723","FredFinn","4723"
"4724","anewyorkminich","4724"
"4725","tommy_cantwell","4725"
"4726","Who_Knows_Me1","4726"
"4727","Acevaz","4727"
"4728","BorjaAngoitia1","4728"
"4729","Papa_Pill","4729"
"4730","justchristina","4730"
"4731","metsnacional721","4731"
"4732","mdrachler33","4732"
"4733","janeeats","4733"
"4734","hipch1ck","4734"
"4735","bangerangz","4735"
"4736","Daryax22","4736"
"4737","JayPochBaby","4737"
"4738","jaycaz80","4738"
"4739","cvsherman","4739"
"4740","aclaessen","4740"
"4741","SnappyKyle","4741"
"4742","slidingsideways","4742"
"4743","stair_teneisha","4743"
"4744","NinaDavuluri","4744"
"4745","peter_w_ryan","4745"
"4746","Clagett","4746"
"4747","AmazingLaisha","4747"
"4748","lopezlaymari","4748"
"4749","sportsguy44","4749"
"4750","mrsoramsey","4750"
"4751","MsBooya","4751"
"4752","batteryman29","4752"
"4753","thaniapeck","4753"
"4754","ana_lontana","4754"
"4755","dnaumann54","4755"
"4756","TheSnortherner","4756"
"4757","dcooode","4757"
"4758","maw416","4758"
"4759","superhilarious","4759"
"4760","CaralynMirand","4760"
"4761","RivieraTD","4761"
"4762","koztang","4762"
"4763","SmithsShannon","4763"
"4764","SaraNettesheim","4764"
"4765","stacyhirst","4765"
"4766","royalsherman","4766"
"4767","jebus51881","4767"
"4768","bwsf93","4768"
"4769","nadinefrostmace","4769"
"4770","Peaches275","4770"
"4771","prohumanlife","4771"
"4772","MissMichelle422","4772"
"4773","tyon305","4773"
"4774","RobinFicklin","4774"
"4775","NY_US","4775"
"4776","uhnet","4776"
"4777","angrydesi","4777"
"4778","cflanagan","4778"
"4779","HAbbott4","4779"
"4780","SterlChampion","4780"
"4781","MikewDickman","4781"
"4782","dougorey","4782"
"4783","bmose14","4783"
"4784","alnosh","4784"
"4785","lyteforce","4785"
"4786","alanbestnyc","4786"
"4787","Lane_","4787"
"4788","HeathAWhelan","4788"
"4789","smsuconn","4789"
"4790","mattjay_son","4790"
"4791","erinthetraveler","4791"
"4792","_TheRobynShow","4792"
"4793","slevine17","4793"
"4794","AnthonysEdits","4794"
"4795","BrianKal","4795"
"4796","305Josec","4796"
"4797","evelynsarah","4797"
"4798","GinaMPassantino","4798"
"4799","alexnazaryan","4799"
"4800","leahmg2","4800"
"4801","KatieLeonick","4801"
"4802","TomFecteau","4802"
"4803","ZKatcher","4803"
"4804","Old_bauer","4804"
"4805","Tostie","4805"
"4806","MJayRosenberg","4806"
"4807","EricaRhone","4807"
"4808","eatplaylove1","4808"
"4809","MikeH1123","4809"
"4810","Schnitz85","4810"
"4811","LisaTweetsa","4811"
"4812","HenRoc_","4812"
"4813","AliBessette","4813"
"4814","amybruni","4814"
"4815","Kamari102","4815"
"4816","yippersNY","4816"
"4817","margarrati","4817"
"4818","DMakesCakes","4818"
"4819","GerryBorrego","4819"
"4820","GraceLavigne","4820"
"4821","klorbe","4821"
"4822","AirlineAdviser","4822"
"4823","freeportblue76","4823"
"4824","sherryvolpic","4824"
"4825","akhanIO","4825"
"4826","KatLaur12","4826"
"4827","beccimiller","4827"
"4828","MaybeTonight","4828"
"4829","lbyav","4829"
"4830","juntocaustic","4830"
"4831","alikim22","4831"
"4832","s_tpplsay2fa","4832"
"4833","philpete","4833"
"4834","ft_tyman","4834"
"4835","NickTypesWords","4835"
"4836","TJBlazer","4836"
"4837","MissPeache","4837"
"4838","carleycalla","4838"
"4839","zbarry1015","4839"
"4840","CathleenBystrak","4840"
"4841","JustRhinoceros","4841"
"4842","xcuteafi","4842"
"4843","bradingalls","4843"
"4844","itzryyo","4844"
"4845","KyleComer_","4845"
"4846","BellaBriscoe","4846"
"4847","amourEspinosa","4847"
"4848","CapeMcMoose","4848"
"4849","mvfilmfestival","4849"
"4850","monia","4850"
"4851","rabbilaufer","4851"
"4852","edgarsantana","4852"
"4853","msitver","4853"
"4854","Bill_Faulk","4854"
"4855","nngoc92","4855"
"4856","hill43","4856"
"4857","pir2h","4857"
"4858","jadidheart","4858"
"4859","Alealmrivas","4859"
"4860","NewmanssOwn","4860"
"4861","josiewarrior","4861"
"4862","BeautifulLifePD","4862"
"4863","luxtrvlwrks","4863"
"4864","Ginzan77","4864"
"4865","amirieb","4865"
"4866","GenuineJack","4866"
"4867","GavinRamblesOn","4867"
"4868","djh11375","4868"
"4869","TheTechRabbi","4869"
"4870","copp461","4870"
"4871","Bink_V","4871"
"4872","LindseyKelk","4872"
"4873","revooh2009","4873"
"4874","shypoke1","4874"
"4875","selirodz","4875"
"4876","TranmereStu","4876"
"4877","sdcissna","4877"
"4878","BernieCheersing","4878"
"4879","VTAlexandria","4879"
"4880","unverkate","4880"
"4881","mcontrerasnyc","4881"
"4882","nonprofitnicole","4882"
"4883","navyseal6","4883"
"4884","4cast4you","4884"
"4885","MarissaBreton","4885"
"4886","johnny_danks","4886"
"4887","KatieIlaria","4887"
"4888","carloscrazyself","4888"
"4889","thedanband","4889"
"4890","Lulabella83","4890"
"4891","rolf_schomaker","4891"
"4892","ToriThatMexican","4892"
"4893","TimSaviola","4893"
"4894","CureFoodAllergy","4894"
"4895","Gailliag","4895"
"4896","GnarlsGnarley","4896"
"4897","MeganAurea","4897"
"4898","tktarzan","4898"
"4899","j_beatz247","4899"
"4900","khealy8834","4900"
"4901","MaxwellAMooney","4901"
"4902","History_Dork","4902"
"4903","LisaPal","4903"
"4904","joshto","4904"
"4905","eldridgechm","4905"
"4906","jpals32","4906"
"4907","IrenePesoDoE","4907"
"4908","JCameronUSA","4908"
"4909","jos114","4909"
"4910","DJSundog","4910"
"4911","janefbolin","4911"
"4912","janinenelson009","4912"
"4913","RoieSasson","4913"
"4914","CFMcG","4914"
"4915","JDesca01","4915"
"4916","0xjared","4916"
"4917","cristinaroe","4917"
"4918","SullyinVA","4918"
"4919","duendecillita","4919"
"4920","dweezie520","4920"
"4921","vincenzolandino","4921"
"4922","AlwaysTicosGirl","4922"
"4923","Rytroup","4923"
"4924","PaulRivera88","4924"
"4925","phil0616","4925"
"4926","michaelpweaver","4926"
"4927","SweetLilYou","4927"
"4928","Paul_Conn","4928"
"4929","fatlifeguard","4929"
"4930","MyPowerPose","4930"
"4931","BrianWalkerCHI","4931"
"4932","dannygilbs","4932"
"4933","ErinMBarlow","4933"
"4934","KarlMiller","4934"
"4935","rjburnsva","4935"
"4936","drwinston001","4936"
"4937","heyjdoan","4937"
"4938","IsaacKarmel","4938"
"4939","KarlaBaerga","4939"
"4940","yosoyfelixx_","4940"
"4941","superstarpromo1","4941"
"4942","JJBarraza","4942"
"4943","ToTravelToLive","4943"
"4944","cessymeacham","4944"
"4945","Under4R","4945"
"4946","komal102","4946"
"4947","fialho_monica","4947"
"4948","thedonkeyshow","4948"
"4949","kimbetech","4949"
"4950","bekiweki","4950"
"4951","michaelhakimkan","4951"
"4952","NYC_TAM","4952"
"4953","ChicDisheveled","4953"
"4954","mypumpkinheads","4954"
"4955","SpiritED_Dixon","4955"
"4956","fanmla1","4956"
"4957","Denaroche","4957"
"4958","BFontanilla","4958"
"4959","reidcappel","4959"
"4960","TranquillityIW","4960"
"4961","Trufflebaby2","4961"
"4962","odie488","4962"
"4963","MoniqueRose18","4963"
"4964","cindylouwho821","4964"
"4965","Krocheima","4965"
"4966","mellamommy","4966"
"4967","Mister_17_5","4967"
"4968","Analystdoc","4968"
"4969","knfitzpa","4969"
"4970","katie654","4970"
"4971","gmggonzalez","4971"
"4972","techyheads","4972"
"4973","NYC_JaneDoe","4973"
"4974","Nickymkirk","4974"
"4975","brian_cristiano","4975"
"4976","TriRacer429","4976"
"4977","jonsik1952","4977"
"4978","44riggins44","4978"
"4979","dedemoore89","4979"
"4980","soflalegaljobs","4980"
"4981","kurianbk","4981"
"4982","JoanIngerman","4982"
"4983","brandongutman","4983"
"4984","reenapilgrim","4984"
"4985","mrsmjem","4985"
"4986","bioldame491","4986"
"4987","luisauraalvarez","4987"
"4988","ejz71","4988"
"4989","heatherdopson","4989"
"4990","ThePRCloset","4990"
"4991","Lynnche324","4991"
"4992","CBarrows","4992"
"4993","bmk266","4993"
"4994","Tubulus","4994"
"4995","RuizRichard","4995"
"4996","gigiri27","4996"
"4997","stephyilmaz","4997"
"4998","janj757","4998"
"4999","aronschoenfeld","4999"
"5000","SOBtweets","5000"
"5001","CinziannaP","5001"
"5002","Cinnabon","5002"
"5003","billykaos","5003"
"5004","jprfilms_jpr","5004"
"5005","orchid8","5005"
"5006","FoppishDork","5006"
"5007","gczark","5007"
"5008","cbousquet12","5008"
"5009","papo353","5009"
"5010","HUSKIE25","5010"
"5011","EveryDayCrohns","5011"
"5012","somekidnamedjon","5012"
"5013","rnlewisjr","5013"
"5014","travelingranger","5014"
"5015","aidan_larson","5015"
"5016","LyndsaySignor","5016"
"5017","ShiraJudah","5017"
"5018","shawnaldridge","5018"
"5019","mtmridesbikes","5019"
"5020","DrewRHacker","5020"
"5021","EasyEdmund","5021"
"5022","OBF_Walt","5022"
"5023","eddieanderson4u","5023"
"5024","JayVig","5024"
"5025","vegecomgirl","5025"
"5026","jacobhenenberg","5026"
"5027","roxydigital","5027"
"5028","CaseyParksIt","5028"
"5029","_katiewarren","5029"
"5030","amyfame","5030"
"5031","labeles","5031"
"5032","alsonmusical","5032"
"5033","oheyjasmine","5033"
"5034","Buttercup1121","5034"
"5035","lquintalnh","5035"
"5036","PHopNy","5036"
"5037","thegayngler","5037"
"5038","Vinny_Espinosa","5038"
"5039","emilymcnulty","5039"
"5040","seattleprime","5040"
"5041","Darshan7Patel","5041"
"5042","NMSpedaliere","5042"
"5043","heykaitlinmary","5043"
"5044","MakebaMakeba","5044"
"5045","gigirey1","5045"
"5046","JessonaJourney","5046"
"5047","Karimilrodz","5047"
"5048","elowthers","5048"
"5049","EBlaikie","5049"
"5050","JulianBOGJB","5050"
"5051","TravellerLukose","5051"
"5052","twinkletaters","5052"
"5053","nesi_1992","5053"
"5054","jhazelnut","5054"
"5055","GAKotsch","5055"
"5056","DebbiMcGinnis","5056"
"5057","AshleyKAtherton","5057"
"5058","retardedlarry","5058"
"5059","Matt_Bernanke","5059"
"5060","jeremyleewhite","5060"
"5061","noelzucchero","5061"
"5062","Anthony_Scerri","5062"
"5063","TheOnlyJasonS","5063"
"5064","eec_x3","5064"
"5065","justdetric","5065"
"5066","djndc4l","5066"
"5067","kschus1","5067"
"5068","RickAdamek","5068"
"5069","hsgoldstein","5069"
"5070","EricGuster","5070"
"5071","airham_gouda","5071"
"5072","ashleycolburn","5072"
"5073","UyonJ","5073"
"5074","KenzieC_","5074"
"5075","CLChicosky","5075"
"5076","oscarmichv","5076"
"5077","renvas","5077"
"5078","ToxicLayge","5078"
"5079","ajbibbs","5079"
"5080","pinkgolftees","5080"
"5081","CapuanoESPN","5081"
"5082","themainevent001","5082"
"5083","alybullock","5083"
"5084","gleenc","5084"
"5085","EEB4","5085"
"5086","MauererPower","5086"
"5087","HPUgradMM","5087"
"5088","JustinEhlert","5088"
"5089","mdendas","5089"
"5090","mcrowe6655","5090"
"5091","mlmoore2","5091"
"5092","RyanDrinks42","5092"
"5093","wyattmel","5093"
"5094","RogerWaterer","5094"
"5095","dagzapatero","5095"
"5096","_Leycar","5096"
"5097","tuneday","5097"
"5098","DCEssig","5098"
"5099","SteveBass2","5099"
"5100","DannyLawray","5100"
"5101","JenRomanoff","5101"
"5102","suzkschir6","5102"
"5103","haascc6","5103"
"5104","msergovich5","5104"
"5105","xafbcn","5105"
"5106","itsandrewhorn","5106"
"5107","DougAsano","5107"
"5108","DaveKrupinski","5108"
"5109","GMLane","5109"
"5110","SoClutchAllie","5110"
"5111","oliviahaymond","5111"
"5112","CoryDauphin","5112"
"5113","yorkshire2002","5113"
"5114","OneT_Mat","5114"
"5115","bergie72","5115"
"5116","_Justin22_","5116"
"5117","david_drhealey","5117"
"5118","DocUX","5118"
"5119","dgjessee","5119"
"5120","Dukestuaff","5120"
"5121","TheVoiceofBrian","5121"
"5122","MadeleineDay","5122"
"5123","HRKatWrangler","5123"
"5124","lj_verde","5124"
"5125","mcgarr_ok","5125"
"5126","gregdarley","5126"
"5127","MandiBPro","5127"
"5128","NicoleCarmellaF","5128"
"5129","mikeyyyyyyy_","5129"
"5130","PrettyMommy86","5130"
"5131","lmeckPR","5131"
"5132","LouiseMcElwee","5132"
"5133","jmkagan","5133"
"5134","stevan_hicks","5134"
"5135","TrevorHam01","5135"
"5136","RockUrHumanity","5136"
"5137","kintheusa","5137"
"5138","cmtodd","5138"
"5139","bkusske","5139"
"5140","peterbarth","5140"
"5141","Danye33","5141"
"5142","jbatchelor88","5142"
"5143","eatmyshorts2263","5143"
"5144","bcruz1028","5144"
"5145","suetrio","5145"
"5146","ucbearcatdad","5146"
"5147","hiphop_hokie","5147"
"5148","meathead1974","5148"
"5149","mikejmarsh","5149"
"5150","McClainTweets","5150"
"5151","MLasichak","5151"
"5152","NoDoubtMom","5152"
"5153","cusefan4ever","5153"
"5154","EmilyClapp","5154"
"5155","SLKToday","5155"
"5156","GrahamHaigh","5156"
"5157","Allmyvacations","5157"
"5158","medrisy","5158"
"5159","CicilyGray","5159"
"5160","jpkansara","5160"
"5161","jakenemmasmom","5161"
"5162","worldwideweg","5162"
"5163","cookyvonne","5163"
"5164","miguellem90","5164"
"5165","StretfordGoose","5165"
"5166","premiyerx","5166"
"5167","chuckbaker5","5167"
"5168","RoxyShepherd","5168"
"5169","tracee28","5169"
"5170","hhagerty","5170"
"5171","KinnaneCallum","5171"
"5172","__RWG__","5172"
"5173","KyleHanagami","5173"
"5174","caneryilmz","5174"
"5175","elysebeme","5175"
"5176","marisa_negri","5176"
"5177","bstrock","5177"
"5178","EverettWJones","5178"
"5179","m2gris","5179"
"5180","alec1289","5180"
"5181","Saint_Louisan","5181"
"5182","MSFHQ","5182"
"5183","roanwild","5183"
"5184","jkfreeman1","5184"
"5185","danielromeyn","5185"
"5186","ChuckManicotti","5186"
"5187","Lucas_Henderson","5187"
"5188","Wheres_Papi","5188"
"5189","christabtaylor","5189"
"5190","JMeszar","5190"
"5191","JustTimMcDonald","5191"
"5192","JustPlain_Jake","5192"
"5193","tlawler28","5193"
"5194","kiasuchick","5194"
"5195","BernadetteGH","5195"
"5196","golfowens","5196"
"5197","JulesMonacelli","5197"
"5198","madison_mason","5198"
"5199","bbuck22","5199"
"5200","Ward1987M","5200"
"5201","BradleyPollock","5201"
"5202","mitchsunderland","5202"
"5203","MenloZZPest","5203"
"5204","PhilaCarService","5204"
"5205","maggie_randall","5205"
"5206","Gregm528","5206"
"5207","FaknilO","5207"
"5208","maria_sangria","5208"
"5209","pisanijoe","5209"
"5210","theF4rns","5210"
"5211","bellaljoseph","5211"
"5212","rkaradi","5212"
"5213","urimiscott","5213"
"5214","rgarrets","5214"
"5215","joyadventuremom","5215"
"5216","Tai00","5216"
"5217","VincesViews","5217"
"5218","TessHackworthy","5218"
"5219","flyidca","5219"
"5220","monky797","5220"
"5221","jennliedel","5221"
"5222","zacktzane","5222"
"5223","MarshallSchwart","5223"
"5224","tjelke","5224"
"5225","CapitalCam","5225"
"5226","GEInteriors","5226"
"5227","hamervich","5227"
"5228","Taryn_Sunstrom","5228"
"5229","Andyba25","5229"
"5230","ciaoholly","5230"
"5231","ElmiraBudMan","5231"
"5232","TheRachelBloom","5232"
"5233","MBisTired","5233"
"5234","FahadHassan","5234"
"5235","eozonian","5235"
"5236","acnewsguy","5236"
"5237","amy_lombard","5237"
"5238","DanKolbet","5238"
"5239","joshahamilton","5239"
"5240","laxer1215","5240"
"5241","ashtongr8z","5241"
"5242","smaguire2","5242"
"5243","Jabis4","5243"
"5244","NotClayManship","5244"
"5245","KateDeLeal","5245"
"5246","charmellemaria","5246"
"5247","josebenegas","5247"
"5248","putajerseyon","5248"
"5249","farrellbone","5249"
"5250","ShawnHFoster","5250"
"5251","AshMichelle831","5251"
"5252","Bachelorsaurus","5252"
"5253","letyak","5253"
"5254","jessicadrew87","5254"
"5255","KingFilson","5255"
"5256","redcat255","5256"
"5257","EmmaJLogue","5257"
"5258","Little_BeerGirl","5258"
"5259","DanielleWaugh","5259"
"5260","thomashoward88","5260"
"5261","marvinatorsb","5261"
"5262","EATtoFUEL","5262"
"5263","AnnaIntheCity","5263"
"5264","_leekinney","5264"
"5265","Jess_Yoga","5265"
"5266","ac_choplick","5266"
"5267","Blasterjaxx","5267"
"5268","BriRose16","5268"
"5269","MediatorTerry","5269"
"5270","Mister617","5270"
"5271","juliebartz","5271"
"5272","B_Flight5508","5272"
"5273","johnhughesrocks","5273"
"5274","reverendvelvet","5274"
"5275","aepleiss","5275"
"5276","Whitncam","5276"
"5277","meganpberger","5277"
"5278","jsjonker","5278"
"5279","RuthieSeale","5279"
"5280","nhbonedoc","5280"
"5281","ecgetty","5281"
"5282","athenatrigal","5282"
"5283","electromail","5283"
"5284","lulainlife","5284"
"5285","rapidtravelchai","5285"
"5286","taleson2wheels","5286"
"5287","FitzFrancis","5287"
"5288","jonbrownmusic","5288"
"5289","UrbanPranaYoga","5289"
"5290","MustSeeItAll_","5290"
"5291","jhughes1025","5291"
"5292","EdPlotts","5292"
"5293","CatieKriewald","5293"
"5294","Debbie_GBennett","5294"
"5295","phillipfgo","5295"
"5296","JKlein126","5296"
"5297","ColfaxCapital","5297"
"5298","dtopler","5298"
"5299","The_BlueAnchor","5299"
"5300","therealcharlie","5300"
"5301","MeeestarCoke","5301"
"5302","daknadler","5302"
"5303","steve_muns","5303"
"5304","HutchinsJim","5304"
"5305","ChrisClark09","5305"
"5306","mattiasskovhoej","5306"
"5307","TheRealChrisCin","5307"
"5308","StevenS_CG","5308"
"5309","hannah_rose22","5309"
"5310","dan3598328","5310"
"5311","EmilyRadtke_99","5311"
"5312","fcutitta","5312"
"5313","AraeB","5313"
"5314","tannapistolis","5314"
"5315","K31RRY","5315"
"5316","ThisGuyShaun","5316"
"5317","Tasil2005","5317"
"5318","ConstanceSCHERE","5318"
"5319","sydlisterney","5319"
"5320","jamescav25","5320"
"5321","adamrdodd","5321"
"5322","ezemanalyst","5322"
"5323","bdaneu","5323"
"5324","Isqrdisnegativ1","5324"
"5325","miscgal","5325"
"5326","NathanOKIE","5326"
"5327","tjmurphy24_law","5327"
"5328","LarrySandeen","5328"
"5329","ashwatson3","5329"
"5330","heatherjpitcher","5330"
"5331","AFord1358","5331"
"5332","jcsolomons","5332"
"5333","DonIrvine","5333"
"5334","ttorabisu","5334"
"5335","macaliciousmac","5335"
"5336","BSmithwood","5336"
"5337","JOHN_TURNER_JR","5337"
"5338","jsilver76","5338"
"5339","StephanSDalal","5339"
"5340","XtianinNYC","5340"
"5341","corybronze","5341"
"5342","TeaMontgomery","5342"
"5343","LaurenCarrot","5343"
"5344","klink1015","5344"
"5345","Plopadiddy","5345"
"5346","MadameMoodle","5346"
"5347","PeterPiatetsky","5347"
"5348","hegshmeg","5348"
"5349","pantsasnapkins","5349"
"5350","Keri_Everhart","5350"
"5351","SmileyNthahood","5351"
"5352","KAhax","5352"
"5353","earthXplorer","5353"
"5354","notmakefriends","5354"
"5355","Peakway3","5355"
"5356","sheilafmaguire","5356"
"5357","patrickcota5","5357"
"5358","BarrelAgedElle","5358"
"5359","SophAustenSneak","5359"
"5360","tessabusenius","5360"
"5361","TravelingProf","5361"
"5362","Logunov_Daniil","5362"
"5363","m_appel","5363"
"5364","rmb1213","5364"
"5365","TarpsTwin","5365"
"5366","rossj987","5366"
"5367","JackieSeigel","5367"
"5368","mcarroll_","5368"
"5369","pronetowander","5369"
"5370","mrmorganmusic","5370"
"5371","DavidHall1981","5371"
"5372","FallNightLights","5372"
"5373","CourtneyyKay","5373"
"5374","JaimConn","5374"
"5375","Alauric_21","5375"
"5376","jillhelsel8","5376"
"5377","lminboston","5377"
"5378","abrykwall","5378"
"5379","ubanks","5379"
"5380","STPVRITCK","5380"
"5381","ScoobyLoo4572","5381"
"5382","ThomasBowser19","5382"
"5383","Mia_Da_Jedi","5383"
"5384","KateMary","5384"
"5385","landonschott","5385"
"5386","sebastian_mcfox","5386"
"5387","MrDrewcoleman","5387"
"5388","jamokee","5388"
"5389","MelCMP","5389"
"5390","RishiKumar8","5390"
"5391","ricapotomus","5391"
"5392","TweetsByTrav","5392"
"5393","MeganStephens74","5393"
"5394","rgilbane","5394"
"5395","theEnergyMads","5395"
"5396","ursus_marit","5396"
"5397","EAFiedler","5397"
"5398","kburke1122","5398"
"5399","Steeee___","5399"
"5400","PDQuigley","5400"
"5401","Chudokab","5401"
"5402","bradfordradio","5402"
"5403","Geneva_Sands","5403"
"5404","biscuittmfs","5404"
"5405","lasslawqsb","5405"
"5406","Mark_Shires","5406"
"5407","emmbee12","5407"
"5408","dline2005","5408"
"5409","UnluckyDon","5409"
"5410","fischer_pricee","5410"
"5411","GirthBrooksLMRA","5411"
"5412","hindimovie6","5412"
"5413","RyanEthanBeard","5413"
"5414","daniellelewis_1","5414"
"5415","jrscharf","5415"
"5416","JeffOlpin","5416"
"5417","EricYutzy","5417"
"5418","BrianWadeRoach","5418"
"5419","JayNix01","5419"
"5420","G_Will_Eye_Am","5420"
"5421","jtbloom","5421"
"5422","KOstrowka","5422"
"5423","deantiggas","5423"
"5424","NickyAmberJones","5424"
"5425","LanierHope","5425"
"5426","amist101","5426"
"5427","smw04","5427"
"5428","JeffGRogers","5428"
"5429","mneese11","5429"
"5430","maxtheminidoxie","5430"
"5431","Shak_Diezel","5431"
"5432","JonTechie","5432"
"5433","elias02","5433"
"5434","johntrack","5434"
"5435","dooriesstories","5435"
"5436","beoliu","5436"
"5437","MikeDobbinsPHX","5437"
"5438","weezerandburnie","5438"
"5439","Marcusluft","5439"
"5440","thestustein","5440"
"5441","sleenieto","5441"
"5442","chiarapotenza","5442"
"5443","bsniz","5443"
"5444","Mrodri0173","5444"
"5445","packersri","5445"
"5446","snowcrash6666","5446"
"5447","crescentmoon01","5447"
"5448","feizchristian","5448"
"5449","Mjacksonstl","5449"
"5450","DMAC8909","5450"
"5451","RockHardGurl","5451"
"5452","thebrainlair","5452"
"5453","jwhill12","5453"
"5454","BillyNealis","5454"
"5455","fhillyer","5455"
"5456","olfazo","5456"
"5457","alexdfletcher","5457"
"5458","JK47theweapon","5458"
"5459","shawnalea85","5459"
"5460","LaChavalina","5460"
"5461","MosheStatman","5461"
"5462","traxleris1","5462"
"5463","mjkelesh","5463"
"5464","JoanEisenstodt","5464"
"5465","toddliveonfire","5465"
"5466","tworstwots","5466"
"5467","CarloMJ1","5467"
"5468","WritelySoul","5468"
"5469","KeithFGorman","5469"
"5470","dixonbryce","5470"
"5471","Mwoodshop","5471"
"5472","BrettPatrick_","5472"
"5473","joekamal48","5473"
"5474","tank_martell","5474"
"5475","bconners","5475"
"5476","DaniLew_1","5476"
"5477","AllisonTonkin","5477"
"5478","dailydebs","5478"
"5479","mattsmith1868","5479"
"5480","runfixsteve","5480"
"5481","terenceryan","5481"
"5482","KDougherty2012","5482"
"5483","jenw714","5483"
"5484","DPodgorny","5484"
"5485","Sama53","5485"
"5486","jeffpash","5486"
"5487","aj1powers","5487"
"5488","OwlBeEmmCee","5488"
"5489","nanceebing","5489"
"5490","thpx","5490"
"5491","ardakuyumcu","5491"
"5492","dlancaster243","5492"
"5493","Bnuuug","5493"
"5494","amischke","5494"
"5495","tiffsaulnier","5495"
"5496","mmislankar87","5496"
"5497","ArrestlessMind","5497"
"5498","blumeanbb","5498"
"5499","EggZackLeeMe","5499"
"5500","LeahWoomer","5500"
"5501","jph_sc","5501"
"5502","ccmleblanc","5502"
"5503","MattressCC","5503"
"5504","HollyHMullin","5504"
"5505","PamelaSedmak","5505"
"5506","servicejunkie19","5506"
"5507","Ariella_Lexi","5507"
"5508","FrancescaJo_","5508"
"5509","greatloop","5509"
"5510","JesseMendelson","5510"
"5511","peacheslt4","5511"
"5512","MityaFerenetz","5512"
"5513","dave_cavan","5513"
"5514","brianmka","5514"
"5515","Dwight_Paulson","5515"
"5516","Brendanhwalters","5516"
"5517","TheLoveBite","5517"
"5518","Sam_Kaplan","5518"
"5519","PhilHagen","5519"
"5520","OutsideHitter84","5520"
"5521","CMocz","5521"
"5522","VictorJDH","5522"
"5523","TheConnorCough","5523"
"5524","LaceyDGarland","5524"
"5525","WarrickHoward","5525"
"5526","chrismillersfca","5526"
"5527","OBwankenobi","5527"
"5528","09202010","5528"
"5529","dctimes2","5529"
"5530","PandooYaar","5530"
"5531","AuroraBIZ","5531"
"5532","FvGrecia","5532"
"5533","rsnewman_nyc","5533"
"5534","MRTWT8","5534"
"5535","vasisht","5535"
"5536","RobVyvey","5536"
"5537","kneedoc69","5537"
"5538","therealkellyd","5538"
"5539","KoilsByNature","5539"
"5540","mjmassa8","5540"
"5541","colums23","5541"
"5542","JeffersRich","5542"
"5543","RothsteinDavid","5543"
"5544","MeganMmcginnis","5544"
"5545","NorthHarborNYC","5545"
"5546","MikeisRichRich","5546"
"5547","thisAnneM","5547"
"5548","JQCalderwood","5548"
"5549","RBuchmann","5549"
"5550","xtingu","5550"
"5551","brittalb","5551"
"5552","jadedhippie09","5552"
"5553","hlauinfo","5553"
"5554","BZFlinn","5554"
"5555","CaseyRhoades1","5555"
"5556","farmdinner","5556"
"5557","tpratt31","5557"
"5558","sejaffe","5558"
"5559","riricesq","5559"
"5560","APH0823","5560"
"5561","bta7","5561"
"5562","MoniqueduRock","5562"
"5563","spartanbride","5563"
"5564","graydonpleasant","5564"
"5565","imacericg","5565"
"5566","cheerUPDATES","5566"
"5567","FiVeBoRoUghS718","5567"
"5568","drewdenker","5568"
"5569","ericabevill","5569"
"5570","evanquinn","5570"
"5571","RickyRomanXXX","5571"
"5572","Harmony1412","5572"
"5573","MrRenevendez","5573"
"5574","AndrewTV","5574"
"5575","mc3h2","5575"
"5576","airliners2","5576"
"5577","NASTYBITCH360","5577"
"5578","DAngel082","5578"
"5579","maddie_helms","5579"
"5580","theKDaubert","5580"
"5581","tapps","5581"
"5582","AllHailAng","5582"
"5583","drgitlin","5583"
"5584","andy_esworthy","5584"
"5585","tjvandy","5585"
"5586","ConNyoungjeezy","5586"
"5587","SeanKelly23","5587"
"5588","Asiators","5588"
"5589","helmsdanielle10","5589"
"5590","SS8085","5590"
"5591","Hawaii_brown","5591"
"5592","CDarnall1","5592"
"5593","NickRowley","5593"
"5594","sfoosness","5594"
"5595","ron_mexicon","5595"
"5596","NickRemini","5596"
"5597","BellaSal","5597"
"5598","ClaudOakeshott","5598"
"5599","GiraffeYang","5599"
"5600","415seanz","5600"
"5601","empowau","5601"
"5602","JFSebastian67","5602"
"5603","teammccabe","5603"
"5604","swierczawack","5604"
"5605","ERHinman","5605"
"5606","sandramolloy","5606"
"5607","sgmacor","5607"
"5608","mwkriv","5608"
"5609","aterrien5","5609"
"5610","TamiMForman","5610"
"5611","countryguyusa","5611"
"5612","OthalieGraham","5612"
"5613","MaryJoReed1","5613"
"5614","Jantira","5614"
"5615","maylarosa15","5615"
"5616","FAAupdates","5616"
"5617","margaretjones","5617"
"5618","stealthmaestro","5618"
"5619","asakellym","5619"
"5620","Faisal_Siddiqi","5620"
"5621","saragnyc","5621"
"5622","khokanson","5622"
"5623","Fioralainn","5623"
"5624","patrickmgleason","5624"
"5625","jacove","5625"
"5626","markwclark","5626"
"5627","ZacharyLeonsis","5627"
"5628","R_Bruns","5628"
"5629","beachylinda","5629"
"5630","lincord88","5630"
"5631","djNRG007","5631"
"5632","clarkhook","5632"
"5633","dailylaurel","5633"
"5634","LaChic4ever","5634"
"5635","Katycarlson","5635"
"5636","dcilona","5636"
"5637","VikingJim60","5637"
"5638","68aec68","5638"
"5639","ALfamilyoffour","5639"
"5640","Dalts81","5640"
"5641","jasonkallsen","5641"
"5642","storylaura","5642"
"5643","AndrewAquilante","5643"
"5644","agatha721","5644"
"5645","mrsrmc","5645"
"5646","ajshaff616","5646"
"5647","bhick1a","5647"
"5648","mzedeck","5648"
"5649","NQ1977","5649"
"5650","BRizzyberg27","5650"
"5651","RobinCBNNews","5651"
"5652","sunmoorthy","5652"
"5653","LividFiction","5653"
"5654","amymariaw","5654"
"5655","burseka","5655"
"5656","danielfine","5656"
"5657","chresten725","5657"
"5658","grpriolo","5658"
"5659","JessicaRyckman","5659"
"5660","Harrycookiv","5660"
"5661","sturtwood","5661"
"5662","dickie_megan","5662"
"5663","ChristineStorch","5663"
"5664","SamanthaKayeA","5664"
"5665","HollyAlfano","5665"
"5666","jnuvola","5666"
"5667","PrRiesenberg","5667"
"5668","PBR2nd","5668"
"5669","TrailerBrides","5669"
"5670","pbmccarron","5670"
"5671","emilyedawson","5671"
"5672","sydsimone","5672"
"5673","BritalmegChris","5673"
"5674","LordJuiblex","5674"
"5675","JulieMerks","5675"
"5676","Hayden_Ehlich","5676"
"5677","DestEurope","5677"
"5678","Kurt_Wirth","5678"
"5679","mayic1963","5679"
"5680","T2inSF","5680"
"5681","Erika_Ferg","5681"
"5682","NatureNerdness","5682"
"5683","VELO143","5683"
"5684","cgahl","5684"
"5685","kathrynstwtr","5685"
"5686","TRGTALP","5686"
"5687","Dcobbkillingit","5687"
"5688","scottcullen","5688"
"5689","jlock","5689"
"5690","AbiBarrow","5690"
"5691","benjosephson","5691"
"5692","dstorres","5692"
"5693","BrianNewcomb","5693"
"5694","mturkos","5694"
"5695","ibeejd","5695"
"5696","conz","5696"
"5697","msk2216Matt","5697"
"5698","CakeNDeath","5698"
"5699","hkmonmjh","5699"
"5700","RealDaveOrtiz","5700"
"5701","Sb5551","5701"
"5702","Marci_DZ","5702"
"5703","Kerberos_XSN","5703"
"5704","ChanChoJMU07","5704"
"5705","jednell","5705"
"5706","mnorouzi","5706"
"5707","WheresRUsso","5707"
"5708","NCRavens97","5708"
"5709","AdrianMartinG15","5709"
"5710","JesusAmorbang","5710"
"5711","stevenbattle","5711"
"5712","rylietolbert15","5712"
"5713","ChrisWalters_WV","5713"
"5714","BigFishRealtor","5714"
"5715","mattirottstock","5715"
"5716","CJLarcheveque","5716"
"5717","lawrenceerror","5717"
"5718","minmill3","5718"
"5719","mbialkowski","5719"
"5720","pmj1234","5720"
"5721","PepeStudioNYC","5721"
"5722","jj_zen_","5722"
"5723","amyleis_janney","5723"
"5724","himmelb1","5724"
"5725","bgarritty","5725"
"5726","KieranMahan","5726"
"5727","tkyleus","5727"
"5728","ajl592","5728"
"5729","tthomasser","5729"
"5730","fieldhockeyfit","5730"
"5731","Dr24hours","5731"
"5732","JabbarLewis","5732"
"5733","FollowMsMiMi","5733"
"5734","AdamGiamba","5734"
"5735","emmaprzyby","5735"
"5736","panich3","5736"
"5737","msbean","5737"
"5738","nburnside26","5738"
"5739","BiavatiJon","5739"
"5740","JSax77","5740"
"5741","jtrexsocial","5741"
"5742","miffSC","5742"
"5743","_RobPrice","5743"
"5744","tamygb","5744"
"5745","stuf_bethsays","5745"
"5746","Leigh_Walton","5746"
"5747","Ali_BarnesXO","5747"
"5748","iseriesdomino","5748"
"5749","SDeShazo_89","5749"
"5750","JoshuakingMba","5750"
"5751","AndyLeeEsq","5751"
"5752","ch_mom","5752"
"5753","timleary_","5753"
"5754","realmattberry","5754"
"5755","TheSanjR","5755"
"5756","nm4agoodlife","5756"
"5757","b_lind","5757"
"5758","4ensicdds","5758"
"5759","YoungBBE3","5759"
"5760","TheHaileyTate","5760"
"5761","nataliembaur","5761"
"5762","FalconjcJohn","5762"
"5763","OP_Rahul","5763"
"5764","anieanne1","5764"
"5765","msscottwg","5765"
"5766","Shimbo1987","5766"
"5767","VanessaRSnyder","5767"
"5768","brynyc","5768"
"5769","jessouc","5769"
"5770","eroccia","5770"
"5771","Will_Watson6","5771"
"5772","EllenFord","5772"
"5773","KittyD27","5773"
"5774","BradHuff88","5774"
"5775","sherylfish","5775"
"5776","ball_tracey","5776"
"5777","GPachtinger","5777"
"5778","GatorGirl36","5778"
"5779","gmena91","5779"
"5780","HurnerAndTooch","5780"
"5781","shriya_p","5781"
"5782","JennyBraueBraue","5782"
"5783","Rachel_Helena16","5783"
"5784","dnadamsel","5784"
"5785","daroberts1","5785"
"5786","BUsoccer","5786"
"5787","asset25","5787"
"5788","FrancisDeana","5788"
"5789","MattClement","5789"
"5790","HassettHelen","5790"
"5791","zfelice","5791"
"5792","SavageEmperor","5792"
"5793","Grady_Kelly","5793"
"5794","KitchenRecess","5794"
"5795","jojoco1012","5795"
"5796","notatibm","5796"
"5797","T_Hans13","5797"
"5798","kelleynandrew","5798"
"5799","JaneShivick","5799"
"5800","Debbie_Crockett","5800"
"5801","jenniferlyell","5801"
"5802","JackieCarlon","5802"
"5803","CURVESandCHAOS","5803"
"5804","iZoom23","5804"
"5805","jshieber","5805"
"5806","megalodondubs","5806"
"5807","JinTama","5807"
"5808","CalAmor07","5808"
"5809","MorganWoroner","5809"
"5810","TMadCLE","5810"
"5811","JackHWharton","5811"
"5812","MarinaInTheCity","5812"
"5813","observepeople","5813"
"5814","awitsportsfreak","5814"
"5815","andreawalls21","5815"
"5816","jennb","5816"
"5817","MarciDunnagan","5817"
"5818","DGHomeChef","5818"
"5819","Alexxx3001","5819"
"5820","ColDigu","5820"
"5821","rich0409","5821"
"5822","jayarrre","5822"
"5823","ElizabethFrayer","5823"
"5824","Paigers987","5824"
"5825","beychok","5825"
"5826","WAWStewart","5826"
"5827","caseyshearusso","5827"
"5828","KennethBracy","5828"
"5829","tlarmondra","5829"
"5830","PinkBird","5830"
"5831","talk2jomaude","5831"
"5832","amy_endres","5832"
"5833","MichelleFilling","5833"
"5834","shivadelrahim","5834"
"5835","javierfigueroa","5835"
"5836","sarahtinvt","5836"
"5837","Le_Sport1","5837"
"5838","beekaytulsa","5838"
"5839","MattMuskrat","5839"
"5840","MaxAtchity","5840"
"5841","RaulFNYC","5841"
"5842","LindsaySweeting","5842"
"5843","SSGV","5843"
"5844","karsonbobbi","5844"
"5845","POnions","5845"
"5846","Tom4719","5846"
"5847","JoVeSi","5847"
"5848","afbillings","5848"
"5849","KaiserRolls","5849"
"5850","WikeMK","5850"
"5851","jksmokes_billy","5851"
"5852","billskutch","5852"
"5853","MathieuChauve","5853"
"5854","courtnush","5854"
"5855","Matt_Gerlach","5855"
"5856","sejly03","5856"
"5857","shphotographydc","5857"
"5858","culvert","5858"
"5859","ankitgulati","5859"
"5860","lorelleismith","5860"
"5861","SportsLoverofNY","5861"
"5862","DebbieJeanDavis","5862"
"5863","marccopely","5863"
"5864","The_Dan_Kelly","5864"
"5865","arcairns","5865"
"5866","ebrooks11","5866"
"5867","donnieberaskow","5867"
"5868","musiccityharp","5868"
"5869","ElFun","5869"
"5870","AnnaFreifeld","5870"
"5871","SkipCohen","5871"
"5872","ooglek","5872"
"5873","nickdawson","5873"
"5874","ThatLittleAnt","5874"
"5875","smash_tag","5875"
"5876","Indydi5","5876"
"5877","lumpuck","5877"
"5878","lfothergill","5878"
"5879","swatkins_44","5879"
"5880","BCchillennnnnn","5880"
"5881","RooterHTG","5881"
"5882","lmcampo","5882"
"5883","tzutse","5883"
"5884","franchise02","5884"
"5885","ShelbyDrazen","5885"
"5886","MissMollyAas","5886"
"5887","Danielle__Paige","5887"
"5888","NYC_Allie","5888"
"5889","PRof_Solutions","5889"
"5890","CraigHall19701","5890"
"5891","ErinPlocica","5891"
"5892","ndngenuity","5892"
"5893","MsDixieDeLight","5893"
"5894","Terri79","5894"
"5895","shaun_g","5895"
"5896","kaptainkoncrete","5896"
"5897","imprfctfitlife","5897"
"5898","iansilverman","5898"
"5899","imjipper33","5899"
"5900","kidchorusteach","5900"
"5901","evonleer","5901"
"5902","WTFloris","5902"
"5903","welshlinds","5903"
"5904","yvonneokaka","5904"
"5905","uzerandloseher","5905"
"5906","_G_Stevens","5906"
"5907","stephenrodrick","5907"
"5908","scottydont11","5908"
"5909","AndreiNystrom","5909"
"5910","YanniRobel","5910"
"5911","ben0fficial","5911"
"5912","luvisalluneed4","5912"
"5913","ParHammer","5913"
"5914","FirstTeachers1","5914"
"5915","SweetingR","5915"
"5916","mjmohr24","5916"
"5917","misskiayona","5917"
"5918","WesKnuckle","5918"
"5919","Vinner12","5919"
"5920","jimmydubbybubby","5920"
"5921","iamchristine_d","5921"
"5922","TexasJSlaughter","5922"
"5923","RhondaReger1","5923"
"5924","greatservicenow","5924"
"5925","MattStropoli","5925"
"5926","HScottKillian","5926"
"5927","wearitbright","5927"
"5928","RTriplette","5928"
"5929","adamsguitar","5929"
"5930","GREATNESSEOA","5930"
"5931","jamesdeming","5931"
"5932","hrp911","5932"
"5933","KClinton39","5933"
"5934","JeffFassett","5934"
"5935","xmaspickles","5935"
"5936","drfrnknsteindmd","5936"
"5937","Benje0123","5937"
"5938","chrisseifert83","5938"
"5939","masonkesner","5939"
"5940","tluecke12","5940"
"5941","kimlynam2","5941"
"5942","Shroomcam","5942"
"5943","jswem25","5943"
"5944","RyanMelton","5944"
"5945","Tracy_M_Levine","5945"
"5946","Shapperdacapper","5946"
"5947","scottsalkin","5947"
"5948","matthew_mahone","5948"
"5949","Jac_Doyle","5949"
"5950","christinemmayer","5950"
"5951","mrcustaylor555","5951"
"5952","L_Hindle","5952"
"5953","philCEP","5953"
"5954","JEstradaEwart","5954"
"5955","drKCfoot","5955"
"5956","LonniebetCh","5956"
"5957","S_truscott","5957"
"5958","thomasrhodes","5958"
"5959","CAEinNYC","5959"
"5960","MikeSelesky","5960"
"5961","PrezHiggins","5961"
"5962","LPNtoMD","5962"
"5963","DoctorRedz","5963"
"5964","ImAlexParton","5964"
"5965","trevels11","5965"
"5966","unicatfan","5966"
"5967","TimAtConservis","5967"
"5968","brittneybla","5968"
"5969","xspike21","5969"
"5970","walkerwj","5970"
"5971","bulezim","5971"
"5972","Allisonjones704","5972"
"5973","emikomusic","5973"
"5974","ScottKat22","5974"
"5975","JustCurious1971","5975"
"5976","dineeno4","5976"
"5977","exilauren","5977"
"5978","liamkraz","5978"
"5979","elliottgilmore","5979"
"5980","sweep007","5980"
"5981","TonyTestaverde","5981"
"5982","Ekubolage","5982"
"5983","CorbettPM","5983"
"5984","SkyDiverChad","5984"
"5985","DrJamesPrescott","5985"
"5986","theeyeman3410","5986"
"5987","MelanieJane17","5987"
"5988","TekesKochteeyni","5988"
"5989","goodtydings","5989"
"5990","daniellerobbio","5990"
"5991","awesomesauceDan","5991"
"5992","heidiharr","5992"
"5993","ConnorCrown","5993"
"5994","APatterman","5994"
"5995","nancysilbergphd","5995"
"5996","StephCaicedo","5996"
"5997","lsmith_31","5997"
"5998","jamesheine1","5998"
"5999","bobdarealtor","5999"
"6000","El_Doctor88","6000"
"6001","lesliegudel","6001"
"6002","MarkJablonowski","6002"
"6003","TripHExperience","6003"
"6004","chipchilders","6004"
"6005","steven_follis","6005"
"6006","JeffSpeckAICP","6006"
"6007","phlu","6007"
"6008","MelaniePanton","6008"
"6009","jmspool","6009"
"6010","JeffreyWhitmore","6010"
"6011","SandiSandidavid","6011"
"6012","rzlevinson","6012"
"6013","emilybard","6013"
"6014","fmrtpr1894","6014"
"6015","DowntownMikeyB","6015"
"6016","YourKindofSalad","6016"
"6017","mjmena001","6017"
"6018","keithlaw","6018"
"6019","carrieryan","6019"
"6020","MHCone","6020"
"6021","Peter_D_Ahern","6021"
"6022","mrshoreman","6022"
"6023","nrhodes85","6023"
"6024","christinaliu115","6024"
"6025","Chrisp2281","6025"
"6026","jessergauvin","6026"
"6027","KarileeD","6027"
"6028","mwasserman818","6028"
"6029","NicholasBSabin","6029"
"6030","altadenadad","6030"
"6031","Andreas_Hirsch","6031"
"6032","collyneliz","6032"
"6033","eteune","6033"
"6034","BolerChris","6034"
"6035","kevin_krebs","6035"
"6036","HeatherCannady","6036"
"6037","JesseConn","6037"
"6038","tayyylorrrx0","6038"
"6039","jofro3","6039"
"6040","pamela_moats","6040"
"6041","RVangutenberg","6041"
"6042","joyousb","6042"
"6043","MeganRSmith83","6043"
"6044","thecoolbelow","6044"
"6045","BrianKush","6045"
"6046","katiesherwood","6046"
"6047","jrfigo","6047"
"6048","CourtneyEMcCoy","6048"
"6049","syfialkoff","6049"
"6050","kayjoooo","6050"
"6051","shoethrill","6051"
"6052","brettel","6052"
"6053","SuperSpecialK","6053"
"6054","Bowen_Lu","6054"
"6055","tyfletch","6055"
"6056","dave0911","6056"
"6057","edgepsychology","6057"
"6058","PrincessJax_","6058"
"6059","amits_28","6059"
"6060","aj8796","6060"
"6061","mainerailbaron","6061"
"6062","ChrisPotta","6062"
"6063","ritapitas","6063"
"6064","rodeorose1962","6064"
"6065","ImmortalDreamer","6065"
"6066","Jamayka","6066"
"6067","dmbatcofc","6067"
"6068","dcamp1014","6068"
"6069","tjchesters","6069"
"6070","Danlarsonmpls","6070"
"6071","gagan_chahal","6071"
"6072","I_Am_ErikaG","6072"
"6073","OnlySarah","6073"
"6074","niksushka","6074"
"6075","espnthecat","6075"
"6076","susanhouk","6076"
"6077","ryanwkaiser","6077"
"6078","teitelbaum_jami","6078"
"6079","christinachime","6079"
"6080","sstevenssss","6080"
"6081","RuelBass","6081"
"6082","_HaleyMargaret","6082"
"6083","gprtraveller","6083"
"6084","cmmsft","6084"
"6085","malcolm_clement","6085"
"6086","JackNastyphx","6086"
"6087","hobbes31","6087"
"6088","KateWells3","6088"
"6089","TimJCarey","6089"
"6090","JSardonic20","6090"
"6091","jodimgocubs","6091"
"6092","KnoxHenderson","6092"
"6093","haskinsmindy","6093"
"6094","tee_phimu","6094"
"6095","NYCKMcG","6095"
"6096","bonmotmadison","6096"
"6097","RichieG99","6097"
"6098","brittkarp","6098"
"6099","DerekIAm","6099"
"6100","ochsfamily","6100"
"6101","VirginiaRmz","6101"
"6102","nickpasculli","6102"
"6103","sherrylweir","6103"
"6104","relaxed137","6104"
"6105","JayOuellette","6105"
"6106","dbk1866","6106"
"6107","LeperconRusty","6107"
"6108","Phil_Sports","6108"
"6109","smokesuvm","6109"
"6110","lifewelledited","6110"
"6111","annieshgupta","6111"
"6112","garywerk","6112"
"6113","danielleRwest","6113"
"6114","TomFutureforall","6114"
"6115","alan_bledsoe","6115"
"6116","AlxStevens","6116"
"6117","JimmyisAble","6117"
"6118","J_0_Y","6118"
"6119","vibhors","6119"
"6120","ColourBasis","6120"
"6121","kristenlc","6121"
"6122","jekyllandheid12","6122"
"6123","jonnycottone","6123"
"6124","TheMikeSindt","6124"
"6125","EmmaTyrer","6125"
"6126","StopCLTNoise","6126"
"6127","OllieRouet","6127"
"6128","diansnyder","6128"
"6129","mattdole24","6129"
"6130","Darren_howudoin","6130"
"6131","HammerStahl","6131"
"6132","JasonWhitely","6132"
"6133","Suejacken","6133"
"6134","trixywh","6134"
"6135","Dflaherty88","6135"
"6136","AdamJEstep","6136"
"6137","I_AM_Tipton","6137"
"6138","eromolizzy","6138"
"6139","RPM044","6139"
"6140","dweber15","6140"
"6141","cahillwilliamr","6141"
"6142","twitabuggin","6142"
"6143","MDL_LMU","6143"
"6144","CruiseEditor","6144"
"6145","aemccollum","6145"
"6146","dtndtndtndtn","6146"
"6147","jetland","6147"
"6148","riascott39","6148"
"6149","bambiweavil","6149"
"6150","kim_blake","6150"
"6151","ScottPaterno","6151"
"6152","theheathmcnasty","6152"
"6153","JosephPMathews","6153"
"6154","emc3e17","6154"
"6155","idreamsilvia","6155"
"6156","akadish","6156"
"6157","CaseyLemke","6157"
"6158","DillardJ32","6158"
"6159","KIDwonder444","6159"
"6160","RodrigoATCG","6160"
"6161","SheilaShela10","6161"
"6162","Jeanne23","6162"
"6163","KMac0125","6163"
"6164","dantedidWHAT","6164"
"6165","Heartliss","6165"
"6166","HirasmusBidragi","6166"
"6167","chrisacoote","6167"
"6168","princessjenine","6168"
"6169","AntrimLens","6169"
"6170","NovaCat91","6170"
"6171","illegalholland","6171"
"6172","BurntTurkey69","6172"
"6173","scm1133","6173"
"6174","ProActivePT","6174"
"6175","emmahhjo","6175"
"6176","LE2BIGDAVE","6176"
"6177","ncuccia","6177"
"6178","faye_nds","6178"
"6179","KBStrauss","6179"
"6180","Gregg_Silver","6180"
"6181","ContentFac","6181"
"6182","CaraModisett","6182"
"6183","jennieeng","6183"
"6184","scheds14","6184"
"6185","schenkeytown","6185"
"6186","bhardwaj_j","6186"
"6187","dianalovesdave","6187"
"6188","tmiw","6188"
"6189","f0ll0wer99","6189"
"6190","cnichols9","6190"
"6191","AnnetteNaif","6191"
"6192","Hannah01486019","6192"
"6193","terryheubert","6193"
"6194","bobbyisaacson","6194"
"6195","RebeccaHaber","6195"
"6196","vallie_grl","6196"
"6197","AYoungWVU","6197"
"6198","mma718","6198"
"6199","dream_weaver96","6199"
"6200","iamlisa222","6200"
"6201","cakurth","6201"
"6202","MarisaCavanaugh","6202"
"6203","CAVHkraMriA","6203"
"6204","ClareGannon","6204"
"6205","dMORE14","6205"
"6206","MendezJenn","6206"
"6207","tlbelote","6207"
"6208","drb1125","6208"
"6209","sara_regis19","6209"
"6210","BokaLaBoca","6210"
"6211","TravisAJB","6211"
"6212","LayneHillesland","6212"
"6213","bryanjholmes","6213"
"6214","dmorgancu","6214"
"6215","billgunger","6215"
"6216","statepkt","6216"
"6217","ximplosionx","6217"
"6218","SneakerPimp215","6218"
"6219","RyanMWatts","6219"
"6220","LinseyGarwood","6220"
"6221","StefThinks","6221"
"6222","thefisch26","6222"
"6223","LindseyWaters1","6223"
"6224","NickAbel5","6224"
"6225","shammywhits","6225"
"6226","ERnurseMatt","6226"
"6227","hinabinaa","6227"
"6228","N0SBIGLEM","6228"
"6229","MarciaVeronicaa","6229"
"6230","pocketsizemando","6230"
"6231","Scscottish","6231"
"6232","honorawalsh","6232"
"6233","RayAllStar28","6233"
"6234","Twinscream1","6234"
"6235","GignacForLowell","6235"
"6236","davegoldfarb","6236"
"6237","The_Big_Guy27","6237"
"6238","dsearls","6238"
"6239","TroyTrudel","6239"
"6240","Hayleyville","6240"
"6241","GabeFerris","6241"
"6242","BigDavew2k","6242"
"6243","ALHphoto","6243"
"6244","Jeffrey_Hurley","6244"
"6245","hotcakes_33","6245"
"6246","scottcode","6246"
"6247","CSquieri","6247"
"6248","as4438","6248"
"6249","TotalRugby","6249"
"6250","shhashhank","6250"
"6251","Gman818","6251"
"6252","Kizzinator","6252"
"6253","JuliaSayers","6253"
"6254","tayyp_","6254"
"6255","DanielaRisa","6255"
"6256","MsAmanRm103","6256"
"6257","garyatsga","6257"
"6258","raisethebarn","6258"
"6259","thesherylralph","6259"
"6260","navydocdro","6260"
"6261","MaxImumZero386","6261"
"6262","willary","6262"
"6263","annatrubin","6263"
"6264","BionicSocialite","6264"
"6265","mscaitw","6265"
"6266","AndrwM","6266"
"6267","travelersally","6267"
"6268","natedunn","6268"
"6269","seungminkim","6269"
"6270","alvarez16","6270"
"6271","MusJew2daRescue","6271"
"6272","cheerldrguy","6272"
"6273","drinkie","6273"
"6274","AngelicaJoni1","6274"
"6275","MoamarMoMoney","6275"
"6276","EMonzon14","6276"
"6277","Carlito_Sway","6277"
"6278","amfnyc","6278"
"6279","claytonconway","6279"
"6280","CateItaliano","6280"
"6281","kimlipp","6281"
"6282","NChanelJoy","6282"
"6283","RAEtnyre","6283"
"6284","djxsv","6284"
"6285","JessBenge","6285"
"6286","_JoeChuck","6286"
"6287","suzanneboles","6287"
"6288","Barrkari","6288"
"6289","mark7579","6289"
"6290","SeanOB19","6290"
"6291","asherhuey","6291"
"6292","KillDaWabbit2","6292"
"6293","Als_TopTeeth","6293"
"6294","aparisbonvoyage","6294"
"6295","michellishelli","6295"
"6296","TabersAmerica","6296"
"6297","istackfranklins","6297"
"6298","Shrubbette","6298"
"6299","lisascott09","6299"
"6300","snptaylor","6300"
"6301","DustyJonas","6301"
"6302","RoryPhilbin1","6302"
"6303","sternjoe92","6303"
"6304","kelliwilson02","6304"
"6305","kvetcher","6305"
"6306","PastorMRobinson","6306"
"6307","_MeAndMariah","6307"
"6308","Kyle_Clarke528","6308"
"6309","laurenpolinsky","6309"
"6310","jerseygirl4444","6310"
"6311","aakopel","6311"
"6312","MiddleSeatView","6312"
"6313","mpordes","6313"
"6314","RealcornerboyT","6314"
"6315","Cuvols","6315"
"6316","acimino","6316"
"6317","_DeeGotDaLoud","6317"
"6318","BobMargolis","6318"
"6319","FlashGilbert","6319"
"6320","JackLevin12","6320"
"6321","atHomeinProv","6321"
"6322","jtalarcek","6322"
"6323","Jeff_Baert","6323"
"6324","comediandan","6324"
"6325","hersheykiss_89","6325"
"6326","SVLLINDIA","6326"
"6327","RyanMackJ","6327"
"6328","cristalyze","6328"
"6329","evan_salmon","6329"
"6330","BohnJai","6330"
"6331","SkylarSong","6331"
"6332","reallylongdrive","6332"
"6333","fispahani","6333"
"6334","sethdpowers","6334"
"6335","KristenElysse","6335"
"6336","MindyPack","6336"
"6337","drpippa","6337"
"6338","jsperber","6338"
"6339","OBJ_3","6339"
"6340","PndrewCress","6340"
"6341","ant_pruitt","6341"
"6342","All_that_Jaz","6342"
"6343","Kohrsnd","6343"
"6344","michaelrkenney","6344"
"6345","easmn","6345"
"6346","KierOgrady","6346"
"6347","lbrc133","6347"
"6348","laurencecharles","6348"
"6349","Kevinly17","6349"
"6350","cindycapo","6350"
"6351","husainhaqqani","6351"
"6352","PsuOhiofarmgirl","6352"
"6353","JoelWeger","6353"
"6354","kempallen","6354"
"6355","wcpojesse","6355"
"6356","AliNHamdani","6356"
"6357","sheiladeca","6357"
"6358","briana_reyrey","6358"
"6359","pdotts4","6359"
"6360","glehel","6360"
"6361","Hollywood0218","6361"
"6362","Corybranan","6362"
"6363","OiadaIntl","6363"
"6364","symmetrickeys","6364"
"6365","mttdprkr","6365"
"6366","kaitlliiin","6366"
"6367","Joeschmow777","6367"
"6368","Rencelas","6368"
"6369","stumintz","6369"
"6370","fosterhimself","6370"
"6371","dscottt10","6371"
"6372","PatrickCronin10","6372"
"6373","MelJintheUSA","6373"
"6374","unpredictaylor","6374"
"6375","KristinKlutz","6375"
"6376","timodock","6376"
"6377","annforstie","6377"
"6378","the_jayardee","6378"
"6379","Two4Chaos","6379"
"6380","TerriHaisten","6380"
"6381","newcrackofdawn","6381"
"6382","mintzrandy","6382"
"6383","SimplyTwiggy","6383"
"6384","Praise_A_Lord","6384"
"6385","erickofiejones","6385"
"6386","Ltos5363","6386"
"6387","curtainbounce","6387"
"6388","wickenstein","6388"
"6389","GGoodie56","6389"
"6390","MartyBergerson","6390"
"6391","michael_lepp","6391"
"6392","LisaWilsonDaly","6392"
"6393","Nathanielyb","6393"
"6394","AminESPN","6394"
"6395","tamajared","6395"
"6396","DocWaaaaaa","6396"
"6397","shipge","6397"
"6398","ChloeLynne17","6398"
"6399","earlp","6399"
"6400","kbutsunturn","6400"
"6401","DropMeAnywhere","6401"
"6402","SyncSummit","6402"
"6403","CGrescueswimmer","6403"
"6404","TGRunningLady","6404"
"6405","gkorwan","6405"
"6406","btr5017","6406"
"6407","Brandy_Fisher","6407"
"6408","DCSas","6408"
"6409","Sanabia28","6409"
"6410","staciesater","6410"
"6411","NickApex","6411"
"6412","WBGreen","6412"
"6413","MeghanTeeth","6413"
"6414","bradlerner","6414"
"6415","rkasold","6415"
"6416","_bpr_","6416"
"6417","GainesJohnson","6417"
"6418","FranklySpeakn","6418"
"6419","benjaminspear","6419"
"6420","DaintyKenyan","6420"
"6421","bennymarkow","6421"
"6422","BobbiSue","6422"
"6423","robgpaul","6423"
"6424","laurastarbeth","6424"
"6425","Whooeeeee","6425"
"6426","ashleyapaine","6426"
"6427","jdpletnick","6427"
"6428","Lucifer_20","6428"
"6429","NaomiSheltonDC","6429"
"6430","zachupton","6430"
"6431","Champa24","6431"
"6432","jjsimonCNN","6432"
"6433","shoobe01","6433"
"6434","33rdn8th","6434"
"6435","mikemayo1428","6435"
"6436","DomaineD1997","6436"
"6437","mdejock","6437"
"6438","mattgarcia901","6438"
"6439","dosydoh","6439"
"6440","mattt1312","6440"
"6441","davidniu7","6441"
"6442","htmella","6442"
"6443","amorris1116","6443"
"6444","j_husucks","6444"
"6445","JenniesMagic","6445"
"6446","izzyflan","6446"
"6447","Dazoulai","6447"
"6448","liquidfox1","6448"
"6449","Eagles_SAB","6449"
"6450","TreyWheelerCEO","6450"
"6451","kpbball41","6451"
"6452","simuLate Flightthis","6452"
"6453","HelloKansas","6453"
"6454","afioto","6454"
"6455","BlessedEpiphany","6455"
"6456","Jack_Kairys","6456"
"6457","themadhacker13","6457"
"6458","lauras_music","6458"
"6459","ElaineLibrarian","6459"
"6460","ewenmilligan","6460"
"6461","sampleonephl","6461"
"6462","jameypricephoto","6462"
"6463","JKrace45","6463"
"6464","itsjustdoc","6464"
"6465","TaiScott11","6465"
"6466","mnardini1","6466"
"6467","indystevens","6467"
"6468","ceowens5","6468"
"6469","JasonPlizga","6469"
"6470","AndreybohdanY","6470"
"6471","TullamoreEims","6471"
"6472","ShiningLghtPE","6472"
"6473","LucyALloyd","6473"
"6474","imayfan","6474"
"6475","AlexRolek","6475"
"6476","laura_crom","6476"
"6477","TheTaxDiva","6477"
"6478","northerninsgr","6478"
"6479","crshipferling","6479"
"6480","Forsyth_Factor","6480"
"6481","juliadavis","6481"
"6482","CharNewsJunkie","6482"
"6483","DaFuente","6483"
"6484","sankeshw","6484"
"6485","MarkKersten","6485"
"6486","DonnyYardas","6486"
"6487","sevnthstar","6487"
"6488","ashenfaced","6488"
"6489","SweeLoTmac","6489"
"6490","LancasterPattie","6490"
"6491","ELLLORRAC","6491"
"6492","LauraMolito","6492"
"6493","barbararwill","6493"
"6494","Bossman1908","6494"
"6495","bharris77","6495"
"6496","TheTPVshow","6496"
"6497","banderson_1978","6497"
"6498","gjeaviation","6498"
"6499","sammy575","6499"
"6500","HollyKinnamon","6500"
"6501","CathiKingWarren","6501"
"6502","penyu1818","6502"
"6503","jamucsb","6503"
"6504","drhavoc","6504"
"6505","Chandrafaythe","6505"
"6506","AesaGaming","6506"
"6507","ImBillNichols","6507"
"6508","coquichick","6508"
"6509","trentgillaspie","6509"
"6510","JohnMHaaland","6510"
"6511","PBSamson","6511"
"6512","FinEdChat","6512"
"6513","skgiffard","6513"
"6514","JoBarredaV","6514"
"6515","dcathomedad","6515"
"6516","pokecrastinator","6516"
"6517","Qwhocooks","6517"
"6518","COVRTER","6518"
"6519","Mtts28","6519"
"6520","law_econ","6520"
"6521","SusieBarre","6521"
"6522","chrissieward71","6522"
"6523","denismishin","6523"
"6524","djjohnpayne","6524"
"6525","ThisIsKari","6525"
"6526","jkordyback","6526"
"6527","Andrew_Wasila","6527"
"6528","rakugojon","6528"
"6529","aaronmsantos","6529"
"6530","lilirr","6530"
"6531","TheVirtualJosh","6531"
"6532","ferraro__rocher","6532"
"6533","THE_amandajean","6533"
"6534","alicizzle","6534"
"6535","pbpinftworth","6535"
"6536","JesicaLSantos","6536"
"6537","mpresdenver","6537"
"6538","oobunillaoo","6538"
"6539","waynebevan","6539"
"6540","brownsrock","6540"
"6541","jacquelinewins6","6541"
"6542","IoanGil","6542"
"6543","mmanny","6543"
"6544","BartonDVM","6544"
"6545","chagaga2013","6545"
"6546","mrespinosa1971","6546"
"6547","MrsPang725","6547"
"6548","EMesaLaw","6548"
"6549","robkoenigld","6549"
"6550","chone1984","6550"
"6551","traveller5207","6551"
"6552","LordLasenby","6552"
"6553","martinesquivel","6553"
"6554","courtfierce","6554"
"6555","jjqb1","6555"
"6556","kdtate","6556"
"6557","DBlock_Official","6557"
"6558","StefanNiemczyk","6558"
"6559","gu_runyu","6559"
"6560","mwecker","6560"
"6561","RobertDwyer","6561"
"6562","ItsMeLockett","6562"
"6563","susqhb","6563"
"6564","paintbranch1398","6564"
"6565","treeguy81","6565"
"6566","GoldensPleasure","6566"
"6567","ESPartee","6567"
"6568","cmrqt","6568"
"6569","superyan","6569"
"6570","pilot991","6570"
"6571","PappasitosTXMEX","6571"
"6572","andrearamy","6572"
"6573","krisdelcampo","6573"
"6574","corinnec","6574"
"6575","beckyw618","6575"
"6576","marypoppings","6576"
"6577","rqualls","6577"
"6578","nataliewsj","6578"
"6579","SuperGlueMom","6579"
"6580","farfalla818","6580"
"6581","Flora_Lola_NYC","6581"
"6582","alinaxkristin","6582"
"6583","Runts54","6583"
"6584","Pride_MMA","6584"
"6585","AyDiosMio","6585"
"6586","flemmingerin","6586"
"6587","JanssenMA","6587"
"6588","LBernieMeyer","6588"
"6589","SchrierCar","6589"
"6590","salitron78","6590"
"6591","stevereasnors","6591"
"6592","douglaskgordon","6592"
"6593","ohmal","6593"
"6594","KaiserSnowse","6594"
"6595","byunsamuel","6595"
"6596","beaubertke","6596"
"6597","DetroitRonin","6597"
"6598","ConnieBowman4","6598"
"6599","marianela_mt","6599"
"6600","ralvesp","6600"
"6601","RossWGibson","6601"
"6602","fromknecht","6602"
"6603","vMongo","6603"
"6604","JESSICRUNK","6604"
"6605","JR_Fett","6605"
"6606","IDontRentPigs","6606"
"6607","fetsyat001","6607"
"6608","towbinator","6608"
"6609","dfwairport","6609"
"6610","Alexx_B_M","6610"
"6611","SGomez9606","6611"
"6612","RayonHarris","6612"
"6613","BriannAtl35","6613"
"6614","lpalumbo","6614"
"6615","amandakryska","6615"
"6616","APOinc","6616"
"6617","Jacqueline062","6617"
"6618","Bishop71Bishop","6618"
"6619","ChrisAlanRobin","6619"
"6620","immz99","6620"
"6621","laurmar737","6621"
"6622","whitejen99","6622"
"6623","ransvoice","6623"
"6624","LibHig","6624"
"6625","vysed","6625"
"6626","JeffTitelius","6626"
"6627","DanJWillis","6627"
"6628","StrongerOrgs","6628"
"6629","VeggieWhisperer","6629"
"6630","bri__m","6630"
"6631","PowerSurgeMusic","6631"
"6632","skogsbergh","6632"
"6633","DarknesProdigy","6633"
"6634","joannabananajo","6634"
"6635","alas3k","6635"
"6636","fantacychristin","6636"
"6637","erinfoyLA","6637"
"6638","Kukirani","6638"
"6639","blueswingpark","6639"
"6640","MGregoryBrown","6640"
"6641","AmesB89","6641"
"6642","Looluca","6642"
"6643","dwjudson","6643"
"6644","m_jl_c","6644"
"6645","LSNorwich","6645"
"6646","nicole__cooper","6646"
"6647","ShpprMktMichael","6647"
"6648","planedoc71","6648"
"6649","coyj1622","6649"
"6650","petchmo","6650"
"6651","brech7","6651"
"6652","Lauren_Nann","6652"
"6653","JotakaEaddy","6653"
"6654","JonKohler","6654"
"6655","dianafakhouri","6655"
"6656","ThotWalking","6656"
"6657","AmieHCrawford","6657"
"6658","JohnCFitness","6658"
"6659","emhammer5805","6659"
"6660","NicholasAram","6660"
"6661","hungariannomad","6661"
"6662","ryan22042","6662"
"6663","beantownmatty","6663"
"6664","ChellyChelly","6664"
"6665","bsauce2011","6665"
"6666","rundallas57","6666"
"6667","Daphnewayans","6667"
"6668","Rachelgaffney","6668"
"6669","chadstallion","6669"
"6670","KyleFerrel","6670"
"6671","MareishaWinters","6671"
"6672","Dumas2TTG","6672"
"6673","barrysterling","6673"
"6674","mirandaash","6674"
"6675","derrekhull","6675"
"6676","LisaMitchL","6676"
"6677","unBRokEn_faith","6677"
"6678","jamiecook79","6678"
"6679","msolor","6679"
"6680","caprisuncerys","6680"
"6681","aprilteybrown","6681"
"6682","DonnyrMartin","6682"
"6683","vicmeister","6683"
"6684","RobinaBennett","6684"
"6685","VanekSue","6685"
"6686","lindsey_kolb","6686"
"6687","JigsawLounge","6687"
"6688","joylauren3","6688"
"6689","jash01","6689"
"6690","eec215","6690"
"6691","rduffy487","6691"
"6692","TameaA","6692"
"6693","vickky1319","6693"
"6694","JamesDegelder","6694"
"6695","garmac87","6695"
"6696","jhamby1","6696"
"6697","perelmuterm","6697"
"6698","MarkJDiSalvo","6698"
"6699","NJupdates247","6699"
"6700","ianbeyer","6700"
"6701","Fede_123","6701"
"6702","richardgru","6702"
"6703","iSmellNothing","6703"
"6704","diegolrz","6704"
"6705","wbarkema","6705"
"6706","CampOwl","6706"
"6707","CamaroGuySteve","6707"
"6708","sirmunchie","6708"
"6709","SamuelMondo","6709"
"6710","JayFranceschi","6710"
"6711","chasefoster","6711"
"6712","SouthSeth","6712"
"6713","sannimaarit","6713"
"6714","queenwitchiepoo","6714"
"6715","Jasra_G","6715"
"6716","Joanna_Malek","6716"
"6717","PimpianaJones","6717"
"6718","747Captain","6718"
"6719","Slacksoft_uk","6719"
"6720","WCARN_NEWS","6720"
"6721","fuzzygoats","6721"
"6722","melindaeasley","6722"
"6723","cootiepoop","6723"
"6724","brentwit","6724"
"6725","Tumzine","6725"
"6726","Polarbert","6726"
"6727","nembro78","6727"
"6728","AMoChapman","6728"
"6729","adamczuk","6729"
"6730","TinaHovsepian","6730"
"6731","jdl_il","6731"
"6732","ParttyM","6732"
"6733","danilo23donna","6733"
"6734","SweetKirabella","6734"
"6735","lizzybethc","6735"
"6736","HaleyHadlock","6736"
"6737","mycreativespark","6737"
"6738","GarrettBogar","6738"
"6739","Steponme","6739"
"6740","sherscott","6740"
"6741","ninjamagic17","6741"
"6742","andrearochford","6742"
"6743","UncleDomDom","6743"
"6744","uneek1908","6744"
"6745","meg4miles","6745"
"6746","jbs94123","6746"
"6747","richfreed","6747"
"6748","JamiraBurley","6748"
"6749","pattiylandry","6749"
"6750","TweetyDave","6750"
"6751","HeatPrincess305","6751"
"6752","LeluBlesa","6752"
"6753","CinemaTim","6753"
"6754","Luke_Asper","6754"
"6755","JTWolf7","6755"
"6756","MDTwankyTwank","6756"
"6757","lballsy","6757"
"6758","emrey35","6758"
"6759","faisal_tayebjee","6759"
"6760","alexbuffer","6760"
"6761","nf14jk","6761"
"6762","samcurly","6762"
"6763","Dani_Haigh","6763"
"6764","Roope00","6764"
"6765","carlw1980","6765"
"6766","sirblacktoast","6766"
"6767","KyleKaplan","6767"
"6768","FOHeming","6768"
"6769","talonclaw126","6769"
"6770","gerri_elliott","6770"
"6771","marcy_test","6771"
"6772","Onna_Del_Rey","6772"
"6773","CineDrones","6773"
"6774","Charles_Joly","6774"
"6775","jordnnicole7","6775"
"6776","H00SIERB0Y","6776"
"6777","GrxntChristian","6777"
"6778","fmisle","6778"
"6779","showbiz411","6779"
"6780","CathyS_1109","6780"
"6781","Alefishman","6781"
"6782","csckirk","6782"
"6783","iWorldSolutions","6783"
"6784","Caleigh_Wilson","6784"
"6785","tifotter","6785"
"6786","em_fitzpatrick","6786"
"6787","lczand","6787"
"6788","Gww1863","6788"
"6789","nrosenb1","6789"
"6790","SusieKapnas","6790"
"6791","Amrutafrika","6791"
"6792","JohnHam2500","6792"
"6793","JasonShaw2","6793"
"6794","SarahFoglia","6794"
"6795","titoebc","6795"
"6796","Ben_Epperson","6796"
"6797","_apm_23","6797"
"6798","ZamaTea","6798"
"6799","RealDavidSilva","6799"
"6800","King_Lito10","6800"
"6801","siltonygonzalez","6801"
"6802","lsongne","6802"
"6803","samuel_cloude","6803"
"6804","muyguapo8","6804"
"6805","DWare_Laflare","6805"
"6806","stormxlove47","6806"
"6807","AtomicSyzygy","6807"
"6808","MEGENTRIPODI","6808"
"6809","jaxyeary","6809"
"6810","csw65","6810"
"6811","nickandriani","6811"
"6812","louprice13","6812"
"6813","RobGlaser","6813"
"6814","youroptimallife","6814"
"6815","shaun_souza","6815"
"6816","wfaachannel8","6816"
"6817","ImagineHC","6817"
"6818","joshua_saucedo","6818"
"6819","NickWellen","6819"
"6820","jwmb6c","6820"
"6821","shelia_talia","6821"
"6822","Vink401","6822"
"6823","amydresnick","6823"
"6824","eb83125","6824"
"6825","foschini3","6825"
"6826","WanderLustErin","6826"
"6827","Kristimb","6827"
"6828","archetype_snypo","6828"
"6829","Rizzilient","6829"
"6830","alnanderson","6830"
"6831","RobertCossar","6831"
"6832","kock","6832"
"6833","monumentsinking","6833"
"6834","StephFCampbell","6834"
"6835","vickyyp__","6835"
"6836","PareshRP","6836"
"6837","msofka","6837"
"6838","TheCandaceSmith","6838"
"6839","krescate","6839"
"6840","blogblogblog","6840"
"6841","BridgeburnerFid","6841"
"6842","AJDelgado13","6842"
"6843","SGMo_","6843"
"6844","gcollingwood","6844"
"6845","davidsalomonr","6845"
"6846","chaigen1","6846"
"6847","projectguy","6847"
"6848","cubexg","6848"
"6849","garytx","6849"
"6850","sammi2943","6850"
"6851","unadesmemoriada","6851"
"6852","redeyes313","6852"
"6853","mikesnavely","6853"
"6854","AChinRust","6854"
"6855","maryella_green","6855"
"6856","kathyjazztx","6856"
"6857","LunaStarwind","6857"
"6858","Princessk91","6858"
"6859","jokerunning","6859"
"6860","contactcej","6860"
"6861","adams_jaco","6861"
"6862","Captain_A_Hab","6862"
"6863","LSlay19","6863"
"6864","theresa_harrell","6864"
"6865","MarkMan23","6865"
"6866","fsugoldy","6866"
"6867","FunNateofPMG","6867"
"6868","mikeschmenger","6868"
"6869","Wswallace1","6869"
"6870","whyemes","6870"
"6871","StevenCWaters","6871"
"6872","susan2312","6872"
"6873","JeremyDDickey","6873"
"6874","ashritt","6874"
"6875","runsammrun","6875"
"6876","ItsJustJill","6876"
"6877","nopunsforrori","6877"
"6878","ariefriedheim","6878"
"6879","ollypop15","6879"
"6880","Robin_Downing","6880"
"6881","MaryHan28","6881"
"6882","egk7","6882"
"6883","CorsoSystems","6883"
"6884","samoss58","6884"
"6885","PervezNabil","6885"
"6886","UllCon","6886"
"6887","PhilipStafford","6887"
"6888","judyatpan","6888"
"6889","Darth_Roo","6889"
"6890","vairamo","6890"
"6891","raymackin","6891"
"6892","davejmt","6892"
"6893","murraysm","6893"
"6894","mcconnell_km","6894"
"6895","drestuart","6895"
"6896","NRellas","6896"
"6897","EarlGrice","6897"
"6898","AsianInTheSun","6898"
"6899","joseglopez00","6899"
"6900","jetsetterprob","6900"
"6901","leahstokes","6901"
"6902","shelleyward73","6902"
"6903","nathanwoodward","6903"
"6904","scottfmurphy","6904"
"6905","brianvautour","6905"
"6906","deongordon","6906"
"6907","SenorIanAllan","6907"
"6908","2tsieRole","6908"
"6909","Africanbeauteee","6909"
"6910","ebaska225","6910"
"6911","hellodukesy","6911"
"6912","jckaufman","6912"
"6913","ekatz24","6913"
"6914","kanne822","6914"
"6915","ShannonRuetsch","6915"
"6916","hoagy10","6916"
"6917","T_Money84","6917"
"6918","GrrraceSM","6918"
"6919","reebokpumped","6919"
"6920","hamms6","6920"
"6921","GabrielleRubyM","6921"
"6922","msc9004","6922"
"6923","KestrelEng","6923"
"6924","TejasGooner","6924"
"6925","dustinpjones","6925"
"6926","drinkmud","6926"
"6927","DCrunner926","6927"
"6928","DigitalEdMom","6928"
"6929","FNMacDougall","6929"
"6930","Rpavesio","6930"
"6931","soshoreqt","6931"
"6932","roblasvegas","6932"
"6933","DavidVing","6933"
"6934","dinner_thoughts","6934"
"6935","cmkest","6935"
"6936","AmySaunders19","6936"
"6937","cbratch67","6937"
"6938","RHFIT","6938"
"6939","yesimsure_1","6939"
"6940","evlev1","6940"
"6941","BethMyn","6941"
"6942","mmalarkey","6942"
"6943","softwaredoug","6943"
"6944","TERRILHERNANDEZ","6944"
"6945","iAMalexmetz","6945"
"6946","TheRealOsleger","6946"
"6947","onefjef","6947"
"6948","soundsofsatori","6948"
"6949","skadott","6949"
"6950","T_Lubinski","6950"
"6951","Itoe20","6951"
"6952","_CHarrington_","6952"
"6953","davidmacho","6953"
"6954","stackach","6954"
"6955","horizon_endless","6955"
"6956","IlyssaPanitz","6956"
"6957","SyracuseJen","6957"
"6958","LightSuitcase","6958"
"6959","paylukkar","6959"
"6960","Potatopainter","6960"
"6961","ChuyAlberto","6961"
"6962","_rtuck","6962"
"6963","almarc44","6963"
"6964","beejy","6964"
"6965","kayliemj","6965"
"6966","kcgent","6966"
"6967","PhilAuxier","6967"
"6968","Laurelinesblog","6968"
"6969","MikeThomas_Says","6969"
"6970","hootkurtis","6970"
"6971","jocelyalatorre","6971"
"6972","AJerbearAffair","6972"
"6973","dgoot","6973"
"6974","mike_square","6974"
"6975","GorillaChopper","6975"
"6976","avaflav13","6976"
"6977","j_baucom","6977"
"6978","NefBonifacio","6978"
"6979","elwoodblues77","6979"
"6980","brooks_angus","6980"
"6981","benskur","6981"
"6982","bitter__tweet","6982"
"6983","cannontekstar","6983"
"6984","owenHweaver","6984"
"6985","megan_shearin","6985"
"6986","luzer","6986"
"6987","dorothykirk","6987"
"6988","Bobbyted","6988"
"6989","Choreocon","6989"
"6990","CraigPokorny","6990"
"6991","survivorsburg","6991"
"6992","thomas199023","6992"
"6993","ejber812","6993"
"6994","Six_Pack_Pollak","6994"
"6995","Apas717","6995"
"6996","SuzanneNaylor","6996"
"6997","sichbella","6997"
"6998","scapshaw","6998"
"6999","MuseAMohamed","6999"
"7000","Metalmikefisher","7000"
"7001","Rozzinbags5","7001"
"7002","StephRest","7002"
"7003","maccom","7003"
"7004","ImprotaD","7004"
"7005","janetmcq","7005"
"7006","Baynhambristol","7006"
"7007","miajain","7007"
"7008","CYancey74","7008"
"7009","RebeccaPla","7009"
"7010","corkanddeb","7010"
"7011","hellomichaellee","7011"
"7012","remixrio","7012"
"7013","maxfitgirl29","7013"
"7014","bkice_","7014"
"7015","MJS_23","7015"
"7016","MikeBarr63","7016"
"7017","polpastor21","7017"
"7018","lwestrada","7018"
"7019","ipodipoor","7019"
"7020","Lvalenzuela14","7020"
"7021","tgd011","7021"
"7022","CliffordGries","7022"
"7023","AdamWocel","7023"
"7024","LJoyce11","7024"
"7025","2lnr","7025"
"7026","nic_tudobem","7026"
"7027","steveyuhas","7027"
"7028","Cottopanama85","7028"
"7029","TomDorans","7029"
"7030","Airportcluster","7030"
"7031","revelsbl","7031"
"7032","TimMoore","7032"
"7033","CandaceAlper","7033"
"7034","angeltoia95","7034"
"7035","schwartz2max","7035"
"7036","pornobobbie","7036"
"7037","derekc21","7037"
"7038","LeslieWolfson","7038"
"7039","neiljcohen","7039"
"7040","urduckcommander","7040"
"7041","stevecorb9","7041"
"7042","DL_Dub","7042"
"7043","wellapp","7043"
"7044","gingermc23","7044"
"7045","ikeNball","7045"
"7046","Vaomatua","7046"
"7047","RaulNath","7047"
"7048","nmatasci","7048"
"7049","JustineTomkins","7049"
"7050","1JENSABA","7050"
"7051","Badbic","7051"
"7052","horns3939","7052"
"7053","Chuckwede65","7053"
"7054","_dashingxmizfit","7054"
"7055","yourlocalnyer","7055"
"7056","jongann","7056"
"7057","kris_bailey","7057"
"7058","TNLtraining","7058"
"7059","BloomBuzz","7059"
"7060","ctj823","7060"
"7061","bobd60067","7061"
"7062","rafalotto","7062"
"7063","ameliasaletan","7063"
"7064","JaJillian","7064"
"7065","_JamesGlenn","7065"
"7066","ThatEricAlper","7066"
"7067","jeffsberry","7067"
"7068","slippysam","7068"
"7069","politicalpizza","7069"
"7070","J0eSmith","7070"
"7071","ricmarias","7071"
"7072","sindhurella67","7072"
"7073","RPA_CRE","7073"
"7074","twizda","7074"
"7075","AMHerbs","7075"
"7076","DJoyles","7076"
"7077","maggiecoliver","7077"
"7078","AGHJustin","7078"
"7079","Sean_Hirschhorn","7079"
"7080","Gauyo","7080"
"7081","norwaywithlove","7081"
"7082","KatieBLang","7082"
"7083","charliebrand","7083"
"7084","lalonajera7","7084"
"7085","MackShultz","7085"
"7086","sfty1intx","7086"
"7087","rockyparr","7087"
"7088","elisakathleen","7088"
"7089","hautetravelgirl","7089"
"7090","cumulusmind","7090"
"7091","kslaven","7091"
"7092","StarkJedi","7092"
"7093","StaceyEWard","7093"
"7094","KaraAtDell","7094"
"7095","Bank1960","7095"
"7096","nataliadarling","7096"
"7097","entouchscreen","7097"
"7098","Alfgeiger","7098"
"7099","Shay_Dine","7099"
"7100","m_huxhold","7100"
"7101","youmaythinkso","7101"
"7102","milz02315","7102"
"7103","tranpham18","7103"
"7104","brandycolbert","7104"
"7105","ephilp","7105"
"7106","RiseChino","7106"
"7107","takingthekids","7107"
"7108","slaydonstravel","7108"
"7109","crazydavy12","7109"
"7110","danjambrands","7110"
"7111","phesic86","7111"
"7112","dkar84","7112"
"7113","natemup","7113"
"7114","SarahNThuo","7114"
"7115","natalieabila","7115"
"7116","FooyaBabs","7116"
"7117","merrymoch513","7117"
"7118","RachelMader2","7118"
"7119","EricDoSomeGood","7119"
"7120","Kaha58","7120"
"7121","jweslo","7121"
"7122","reallygilly3","7122"
"7123","hill_tony","7123"
"7124","melisaray","7124"
"7125","JillNeeley3","7125"
"7126","MO3TVida","7126"
"7127","Brittany1golf","7127"
"7128","LCarrano18","7128"
"7129","chermc56","7129"
"7130","61jr","7130"
"7131","ponchodeanda","7131"
"7132","bombadiltiff","7132"
"7133","JatinPonia","7133"
"7134","RMauldin","7134"
"7135","nekMom","7135"
"7136","gdelgadillo","7136"
"7137","DWK0825","7137"
"7138","BF_StarNews","7138"
"7139","ralphmarple","7139"
"7140","AlessandroDToro","7140"
"7141","lanewood","7141"
"7142","a_panfalone","7142"
"7143","mdf2377","7143"
"7144","ErinTN","7144"
"7145","SeguineJ","7145"
"7146","YA253Frohmz","7146"
"7147","HaileyUrban","7147"
"7148","chiyankfred","7148"
"7149","chrisjennison","7149"
"7150","harshdouble","7150"
"7151","GMFujarski","7151"
"7152","ArturoVega67","7152"
"7153","pei_u_sun","7153"
"7154","jameswester","7154"
"7155","bugmeyer","7155"
"7156","AlexHumphries","7156"
"7157","McKennon","7157"
"7158","oksrocks","7158"
"7159","MilesWittBoyer","7159"
"7160","don_hefner","7160"
"7161","amandajames0610","7161"
"7162","LeLeValentine","7162"
"7163","elusivegoalie","7163"
"7164","Beach_Girl7","7164"
"7165","dms0218","7165"
"7166","themaxologist","7166"
"7167","RLDelahunty","7167"
"7168","Mj_Effects","7168"
"7169","ArtieFitchie","7169"
"7170","rac22582","7170"
"7171","larrylarry","7171"
"7172","paulboomer","7172"
"7173","randomeshwar","7173"
"7174","KenMiller5","7174"
"7175","SFaldon_Sports","7175"
"7176","letallec89","7176"
"7177","ronlieber","7177"
"7178","stephenmartino","7178"
"7179","beebecathy","7179"
"7180","dashoflovely","7180"
"7181","flyneverdies","7181"
"7182","BurkhalterTrvl","7182"
"7183","jmariecastillo","7183"
"7184","Jhosa_M","7184"
"7185","ScottCarmichae1","7185"
"7186","wordnerd153","7186"
"7187","dwburrell","7187"
"7188","Bardi_toto","7188"
"7189","CassVinograd","7189"
"7190","stevenmartz","7190"
"7191","Davitossss","7191"
"7192","teague_ryan","7192"
"7193","bartellpeter","7193"
"7194","ra1der7581","7194"
"7195","Eleonora7","7195"
"7196","Huedaddy10","7196"
"7197","DaileyPursuit","7197"
"7198","theseanodell","7198"
"7199","Rom55Weber","7199"
"7200","melaine_cre","7200"
"7201","JoshSeefried","7201"
"7202","AminahAMajeed","7202"
"7203","jono_1984","7203"
"7204","CPalcisco","7204"
"7205","C2Next","7205"
"7206","bradleywilson09","7206"
"7207","EaglesJade","7207"
"7208","nicoeats","7208"
"7209","mwangbickler","7209"
"7210","rpstranslations","7210"
"7211","TheTimSales","7211"
"7212","Active_Aly","7212"
"7213","jaimehag","7213"
"7214","unclesahm","7214"
"7215","ih8ms","7215"
"7216","thelyandre","7216"
"7217","ThatsKathalina","7217"
"7218","TomGasparetti","7218"
"7219","mjsorci","7219"
"7220","Precious_Here","7220"
"7221","MurphyJulie","7221"
"7222","coreyteague","7222"
"7223","lightworx78","7223"
"7224","cofc98grad","7224"
"7225","Gamerguy212","7225"
"7226","mas90guru","7226"
"7227","TheMightyGarn","7227"
"7228","hale36","7228"
"7229","sweet8mel","7229"
"7230","Tmonkk","7230"
"7231","superkash","7231"
"7232","traceymalone","7232"
"7233","justinvanbogart","7233"
"7234","Right_vs_Wrong","7234"
"7235","droqen","7235"
"7236","nickey_y","7236"
"7237","zozo24dad","7237"
"7238","CGNewell","7238"
"7239","RyanBarrell","7239"
"7240","TheSmartraveler","7240"
"7241","atuitel","7241"
"7242","BiancaFernet","7242"
"7243","JonGroom90","7243"
"7244","mcm0018","7244"
"7245","erina_jones","7245"
"7246","ProConPartners","7246"
"7247","Samfrancis6209","7247"
"7248","icarolinaperin","7248"
"7249","lindseyjerin","7249"
"7250","SimonWallner","7250"
"7251","trappermartin","7251"
"7252","cerbederb","7252"
"7253","UNTAudra","7253"
"7254","AebischerDrew","7254"
"7255","julieb2306","7255"
"7256","davidkli","7256"
"7257","DavidWLocke","7257"
"7258","KoolFatKat","7258"
"7259","sarahruthbrady","7259"
"7260","KottemannFYW","7260"
"7261","seamswrite","7261"
"7262","Allieism_","7262"
"7263","LeoSouza1977","7263"
"7264","EyeOfTheGate","7264"
"7265","br0hith","7265"
"7266","gubelmom","7266"
"7267","carlacrooker","7267"
"7268","JuntyH","7268"
"7269","bethany_ft","7269"
"7270","PiersDenney","7270"
"7271","SXSEFoodCo","7271"
"7272","FatiElo","7272"
"7273","jaxtonypiper","7273"
"7274","sklovek1","7274"
"7275","mannes21","7275"
"7276","LorelleEPhoto","7276"
"7277","sam4tgl","7277"
"7278","anasmom","7278"
"7279","MichaelJMaas","7279"
"7280","DBFuhrm","7280"
"7281","krlmnz","7281"
"7282","chigirldc","7282"
"7283","KaraKFox","7283"
"7284","TheForwardCabin","7284"
"7285","JorgeGuarneros","7285"
"7286","MigsRunner","7286"
"7287","jsirls","7287"
"7288","rgsager","7288"
"7289","jameslardizzone","7289"
"7290","DrDemetre","7290"
"7291","SentieriMelinda","7291"
"7292","jzinchuk","7292"
"7293","MindWarpLLC","7293"
"7294","wast3gate","7294"
"7295","melissamassello","7295"
"7296","esmdesigns","7296"
"7297","Brittlyn_Lea","7297"
"7298","malhoit","7298"
"7299","excake","7299"
"7300","sigmanu56","7300"
"7301","Jimgotkp","7301"
"7302","troubledsoul99","7302"
"7303","kathtrn","7303"
"7304","daviddtwu","7304"
"7305","MeereeneseKnot","7305"
"7306","andyellwood","7306"
"7307","219jondn","7307"
"7308","ImanHabibi","7308"
"7309","MHS80","7309"
"7310","nashshoodieee","7310"
"7311","Daaaaaaang16","7311"
"7312","ElgortA","7312"
"7313","Hoffbuhr","7313"
"7314","Travelingwellfl","7314"
"7315","LIGal19","7315"
"7316","WilliamMulock","7316"
"7317","chillbagel","7317"
"7318","s_branton","7318"
"7319","sebrown","7319"
"7320","hovy5019","7320"
"7321","ttt312","7321"
"7322","DavidHeasley","7322"
"7323","cd_mcfadden","7323"
"7324","jsulli12","7324"
"7325","iflyplaces","7325"
"7326","WheelsUpDDD","7326"
"7327","HHredd","7327"
"7328","wkuttruff","7328"
"7329","cstuckinahole","7329"
"7330","the_Dyp","7330"
"7331","nsj","7331"
"7332","JSvochak","7332"
"7333","realtmh","7333"
"7334","m0nica","7334"
"7335","real_babygirl98","7335"
"7336","jsgrodanfields","7336"
"7337","dogbuckeye","7337"
"7338","LaurieAnnFoster","7338"
"7339","OnePoundOne","7339"
"7340","sarrraright","7340"
"7341","papenfold","7341"
"7342","TannerSayre","7342"
"7343","wadekoehler","7343"
"7344","Cbarker5","7344"
"7345","itsNGHTMRE","7345"
"7346","breakthemark","7346"
"7347","TheByronCraig","7347"
"7348","nickcunningham1","7348"
"7349","brooklynbrood","7349"
"7350","Nutz_80","7350"
"7351","mosdefmikey","7351"
"7352","Taylorgnomey","7352"
"7353","ScoJo262","7353"
"7354","joeyquart","7354"
"7355","judya25","7355"
"7356","LanaFBernstein","7356"
"7357","marystanforddc","7357"
"7358","lexdangelo","7358"
"7359","nlrphoto","7359"
"7360","KellyOlexa","7360"
"7361","BobTheBruin","7361"
"7362","clara_ennist","7362"
"7363","KarineDelage","7363"
"7364","jcarney6","7364"
"7365","tryingitout1357","7365"
"7366","MicMontgomery","7366"
"7367","fverver","7367"
"7368","ShaneHoover","7368"
"7369","LaurenCSands","7369"
"7370","darcisays","7370"
"7371","luisperez27","7371"
"7372","Conor_McCormack","7372"
"7373","FrankoBlanco","7373"
"7374","JoeMcMullenJr","7374"
"7375","alxmdavis","7375"
"7376","squishtine","7376"
"7377","watlouismykilla","7377"
"7378","zinnian0","7378"
"7379","pdubs411","7379"
"7380","joerago","7380"
"7381","TGDBandit","7381"
"7382","jwat1107","7382"
"7383","JesseSheriff","7383"
"7384","taraaleung","7384"
"7385","Matt_Fiorello","7385"
"7386","rmaurer68","7386"
"7387","quadbaconHD","7387"
"7388","ChrisAgius13","7388"
"7389","TheJoshAbides","7389"
"7390","cjdjpdx","7390"
"7391","danielaud","7391"
"7392","jwein7","7392"
"7393","JessieDax","7393"
"7394","Jakews82","7394"
"7395","YeahSaidThat","7395"
"7396","davon_a","7396"
"7397","cjelinjr","7397"
"7398","jkhoey","7398"
"7399","JulianaSheldon","7399"
"7400","morboywnder","7400"
"7401","ChaimOsina","7401"
"7402","JamieCarlsbad","7402"
"7403","clado225","7403"
"7404","SmokeAdMirrors","7404"
"7405","joedizzle","7405"
"7406","joymfreeman","7406"
"7407","tomrquicksell","7407"
"7408","c_cgottlieb","7408"
"7409","RationalCrusadr","7409"
"7410","jdcardinal","7410"
"7411","RBraceySherman","7411"
"7412","cloop87","7412"
"7413","claireh___","7413"
"7414","gregnbev","7414"
"7415","KerithBurke","7415"
"7416","gregarnette","7416"
"7417","andresfreyesp","7417"
"7418","TwinkleChar","7418"
"7419","JasonPeppel","7419"
"7420","mbranch909","7420"
"7421","friedrice4break","7421"
"7422","sierrasalles","7422"
"7423","agoldenbrown","7423"
"7424","jessicaclaire","7424"
"7425","zehentbauer","7425"
"7426","0veranalyser","7426"
"7427","fpinell","7427"
"7428","kaps12","7428"
"7429","RachaelKasper","7429"
"7430","poolinenaidoo","7430"
"7431","TrueNugget","7431"
"7432","Lioninflorida","7432"
"7433","BMichael319","7433"
"7434","ljhillmanphotos","7434"
"7435","jstefanides","7435"
"7436","leozh","7436"
"7437","kanewaipmp","7437"
"7438","puga203","7438"
"7439","aliceliogier","7439"
"7440","rosieblisss","7440"
"7441","tencents77","7441"
"7442","TranceInJail","7442"
"7443","twocrunch","7443"
"7444","priscillaguasso","7444"
"7445","bpa76","7445"
"7446","jeffpeters14","7446"
"7447","VisualWorshiper","7447"
"7448","noddingheadgirl","7448"
"7449","SmithsAreRare","7449"
"7450","kerryonpr","7450"
"7451","txbu20","7451"
"7452","fellps","7452"
"7453","darrenrough","7453"
"7454","wwkeyboard","7454"
"7455","la_anne","7455"
"7456","klebovitz","7456"
"7457","zsalim03","7457"
"7458","SocialJustin","7458"
"7459","rcwhalen","7459"
"7460","theZuzuPet","7460"
"7461","DedeFilsAime","7461"
"7462","VeniceWhiteBoy","7462"
"7463","stf_tsm","7463"
"7464","CFISteve","7464"
"7465","NickLeghorn","7465"
"7466","curtis_mount","7466"
"7467","MatthewJMedlin","7467"
"7468","andreach1","7468"
"7469","realscooterward","7469"
"7470","whague","7470"
"7471","PhotosBySharon","7471"
"7472","drguzman","7472"
"7473","BrennyCarroll","7473"
"7474","MDDavis7","7474"
"7475","galen_emery","7475"
"7476","mjmckay","7476"
"7477","Mike_Schlechter","7477"
"7478","otisday","7478"
"7479","drivers98","7479"
"7480","MrMarioMendoza","7480"
"7481","seangotcher","7481"
"7482","lizmkim","7482"
"7483","edhgro","7483"
"7484","CantankerousCMF","7484"
"7485","smb510","7485"
"7486","gerardoquezada_","7486"
"7487","dabatty01","7487"
"7488","lmaxwell11","7488"
"7489","BenRandall7","7489"
"7490","Curyf","7490"
"7491","Mcoltro","7491"
"7492","Ikimulisa","7492"
"7493","MenawatSharad","7493"
"7494","MarkZeihenJr","7494"
"7495","vickie_frisbie","7495"
"7496","amyeferrer","7496"
"7497","jasminewallas","7497"
"7498","MaggieRisbara","7498"
"7499","shacker56","7499"
"7500","Pumpoclock","7500"
"7501","RalphPearce3","7501"
"7502","WishUpon_26","7502"
"7503","KearyDennison","7503"
"7504","lifeletterj","7504"
"7505","jlr0117","7505"
"7506","johnruvolo","7506"
"7507","MariaJesusV","7507"
"7508","stephaniestran","7508"
"7509","ti2469","7509"
"7510","debby_hester","7510"
"7511","KaelaMari","7511"
"7512","grant_person","7512"
"7513","tampajody","7513"
"7514","DuaneNClark","7514"
"7515","SouljaCoy","7515"
"7516","U2Ken","7516"
"7517","kudzugirl","7517"
"7518","BioMoneyTrees","7518"
"7519","AlfonsoSandova3","7519"
"7520","macario2","7520"
"7521","Durrant71","7521"
"7522","peteerboe","7522"
"7523","DrAndyBaldwin","7523"
"7524","KyleSauce","7524"
"7525","SavageRoyal","7525"
"7526","julesecruz","7526"
"7527","PLHamel","7527"
"7528","point_princess","7528"
"7529","SummerofGus1","7529"
"7530","_BLeLLeN_","7530"
"7531","dibs65","7531"
"7532","Asigottech","7532"
"7533","lesleysiu","7533"
"7534","tumitran","7534"
"7535","dotnetnate","7535"
"7536","SandraSSaid","7536"
"7537","redpaintrain","7537"
"7538","HowardSlutsken","7538"
"7539","cwalshnews","7539"
"7540","5amantha_marie","7540"
"7541","natnicc","7541"
"7542","fritzmt","7542"
"7543","nrtaylor92","7543"
"7544","wooqiaoqi","7544"
"7545","JamieStrong38","7545"
"7546","HertzOnMyCouch","7546"
"7547","vanessaannz","7547"
"7548","celiseev","7548"
"7549","colts482","7549"
"7550","SilverStim","7550"
"7551","mattlurrie","7551"
"7552","totestoked","7552"
"7553","KuperMini","7553"
"7554","bfriend10","7554"
"7555","andrearothcraig","7555"
"7556","KiraMercedes_","7556"
"7557","MattWalter13","7557"
"7558","PepdogSez","7558"
"7559","albertiagustin","7559"
"7560","DanielLassman","7560"
"7561","louiswoof","7561"
"7562","Cameratown","7562"
"7563","Dawn_Davis","7563"
"7564","praywinn","7564"
"7565","exclusiveaccess","7565"
"7566","afeltus","7566"
"7567","manuel_c","7567"
"7568","CavaTed","7568"
"7569","rhowltx","7569"
"7570","weshartley","7570"
"7571","mirmanwar","7571"
"7572","PatrichRuben","7572"
"7573","SarahM0en","7573"
"7574","chuneke","7574"
"7575","jtotheizzoe","7575"
"7576","mattireland238","7576"
"7577","ChipAcker","7577"
"7578","sarahzou","7578"
"7579","benkohl","7579"
"7580","MarciNeedham","7580"
"7581","BethanySWinters","7581"
"7582","tim_sheehy","7582"
"7583","skyfullofbacon","7583"
"7584","willie_funk","7584"
"7585","tcunningham10","7585"
"7586","leemikezapata","7586"
"7587","Diane_Lowery","7587"
"7588","GaryBrickhouse","7588"
"7589","williebikes","7589"
"7590","tyhamm28","7590"
"7591","isainsbury","7591"
"7592","iamdankaufman","7592"
"7593","osteenam","7593"
"7594","csb2107","7594"
"7595","dave_dcollins","7595"
"7596","realfrecks","7596"
"7597","maribarrera","7597"
"7598","smiertspionom","7598"
"7599","eneyberg","7599"
"7600","MikeCunningham","7600"
"7601","jetset2015","7601"
"7602","TemlyLouise","7602"
"7603","sweetmel","7603"
"7604","kidith_paulino","7604"
"7605","yishai","7605"
"7606","A_for_AdNauseam","7606"
"7607","coffeeculture","7607"
"7608","jmgscott","7608"
"7609","CarlosMourino","7609"
"7610","chadkirchner","7610"
"7611","Kaywillsmith","7611"
"7612","KristinaMeyer7","7612"
"7613","TravelWineSport","7613"
"7614","MarkPerlowitz","7614"
"7615","mattadams_","7615"
"7616","SarahisJewish","7616"
"7617","MrDisaster","7617"
"7618","TrueChief77","7618"
"7619","ejacqui","7619"
"7620","c_morlando","7620"
"7621","HollyHhirsch","7621"
"7622","brentblume","7622"
"7623","thepin618","7623"
"7624","BridleCharlotte","7624"
"7625","morriskmm","7625"
"7626","kat_lilfish","7626"
"7627","OrryClayborne","7627"
"7628","GurpreetSaran","7628"
"7629","ChristianRicks","7629"
"7630","CandyandPizza","7630"
"7631","CoryStinebrink","7631"
"7632","RussellsWriting","7632"
"7633","Meswannjr","7633"
"7634","melmadetoday","7634"
"7635","helloheidib","7635"
"7636","juliezeier","7636"
"7637","BikashDube","7637"
"7638","raseay","7638"
"7639","PredsFran","7639"
"7640","SraJackson","7640"
"7641","BrophySheen","7641"
"7642","nycgypc","7642"
"7643","JuliaWallClarke","7643"
"7644","jddowsett","7644"
"7645","sa_craig","7645"
"7646","igclp","7646"
"7647","stvnoneal","7647"
"7648","andrewjh","7648"
"7649","EricStride","7649"
"7650","RafaelBertorell","7650"
"7651","kelseybiscoe","7651"
"7652","mareyes15","7652"
"7653","BDinDallas","7653"
"7654","wesleytravis","7654"
"7655","JonGilsonAF","7655"
"7656","JWinakor","7656"
"7657","agirlnamedfrank","7657"
"7658","farazq","7658"
"7659","Texomagal5","7659"
"7660","gorbell","7660"
"7661","rebeccabw","7661"
"7662","nubzjubz","7662"
"7663","mattlantz","7663"
"7664","tj_carlson","7664"
"7665","ronrisman","7665"
"7666","elizabethlawley","7666"
"7667","SamuelWatkin","7667"
"7668","EricRoberts","7668"
"7669","shmitty03","7669"
"7670","KeelyPerez","7670"
"7671","tennetexan","7671"
"7672","KirstKV","7672"
"7673","jenrpblcn","7673"
"7674","cataattack","7674"
"7675","bshelton68","7675"
"7676","rdaniel10","7676"
"7677","billyrobbinscsp","7677"
"7678","angiedrich","7678"
"7679","BaburRaja","7679"
"7680","rcshore","7680"
"7681","RafaANieves","7681"
"7682","Ag03Recruiter","7682"
"7683","guernicaguy","7683"
"7684","catiekate","7684"
"7685","Jess_JCW","7685"
"7686","sbrandongage","7686"
"7687","kiabeveridge","7687"
"7688","GregPoos","7688"
"7689","iambmac","7689"
"7690","howiemandel","7690"
"7691","KCBobolz","7691"
"7692","Jill_Lynnette","7692"
"7693","yourlama","7693"
"7694","DrCaseyJRudkin","7694"
"7695","jlhalldc","7695"
"7696","jontgreen89","7696"
"7697","Chad_SMFYM","7697"
"7698","GolfWithWoody","7698"
"7699","KristenReenders","7699"
"7700","itsropes","7700"
"7701","sanyabun","7701"
